chr	pos	instrument_setting	instrument_file	exp_SNP	exp_effect_allele	exp_other_allele	exp_eaf	beta_exposure	se_exposure	pval_exposure	samplesize_exposure	f_stat	exposure	exposure_source	outcome_dataset	outcome_source_id	outcome_open_gwas_id	outcome_trait	outcome_population	outcome_SNP	outcome_variant_id	outcome_effect_allele	outcome_other_allele	outcome_eaf	beta_outcome	se_outcome	pval_outcome	n_outcome	ncase_outcome	ncontrol_outcome	outcome_locus_file	allele_match	palindromic	ambiguous_palindromic	beta_outcome_aligned	eaf_outcome_aligned	effect_allele	other_allele	mr_keep	ratio	ratio_se	ratio_z	ratio_pval	ratio_or	ratio_or_lci95	ratio_or_uci95
7	17081157	p0p00000005_r2_0p001_kb10000	/home/data1/wenhuai/AHR_myocarditis_gwas/data/instruments/exposure/eqtlgen_AHR_full_cis_eqtl.p0p00000005_r2_0p001_kb10000.clumped.tsv	rs518136	A	G	0.383141042504416	-0.150674182972047	0.00815495350674626	3.1982e-76	31470	341.37735696	AHR_expression_eQTLGen_whole_blood	eQTLGen whole blood cis-eQTL	Sakaue2021_BBJ_Myocarditis	GCST90018662	ebi-a-GCST90018662	Myocarditis	East Asian / BBJ	rs518136	7:17081157:G:A	A	G	0.255638174121244	-0.104861773111757	0.159652607130246	0.511301706921201	177847	102	177745	/home/data1/wenhuai/AHR_myocarditis_gwas/data/locus/outcome/Sakaue2021_BBJ_Myocarditis.AHR_locus.chr7_16200000_18500000.dedup_by_variant.tsv.gz	aligned	FALSE	FALSE	-0.104861773111757	0.255638174121244	A	G	TRUE	0.695950500897761	1.05958833810212	0.656812156072151	0.511301706921199	2.00561450662909	0.251366651750381	16.002478933425
7	16999585	p0p00000005_r2_0p001_kb10000	/home/data1/wenhuai/AHR_myocarditis_gwas/data/instruments/exposure/eqtlgen_AHR_full_cis_eqtl.p0p00000005_r2_0p001_kb10000.clumped.tsv	rs113521727	A	G	0.0539522972249828	0.113635514402461	0.0177580463506526	1.564e-10	31023	40.94848081	AHR_expression_eQTLGen_whole_blood	eQTLGen whole blood cis-eQTL	Sakaue2021_EUR_Myocarditis	GCST90018882	ebi-a-GCST90018882	Myocarditis	European	7:16999585:G:A	7:16999585:G:A	A	G	0.03642	-0.0066	0.1411	0.9627	427911	633	427278	/home/data1/wenhuai/AHR_myocarditis_gwas/data/locus/outcome/Sakaue2021_EUR_Myocarditis.AHR_locus.chr7_16200000_18500000.dedup_by_variant.tsv.gz	aligned	FALSE	FALSE	-0.0066	0.03642	A	G	TRUE	-0.0580804340500883	1.24168927946477	-0.0467753366406804	0.962692286021464	0.943574048902115	0.0827615728111244	10.7577944149686
7	17162882	p0p00000005_r2_0p001_kb10000	/home/data1/wenhuai/AHR_myocarditis_gwas/data/instruments/exposure/eqtlgen_AHR_full_cis_eqtl.p0p00000005_r2_0p001_kb10000.clumped.tsv	rs17643734	G	A	0.06177375913813	0.47750368044453	0.0164997816324993	3.7714e-184	30851	837.5236	AHR_expression_eQTLGen_whole_blood	eQTLGen whole blood cis-eQTL	Sakaue2021_EUR_Myocarditis	GCST90018882	ebi-a-GCST90018882	Myocarditis	European	7:17162882:A:G	7:17162882:A:G	G	A	0.06694	0.1309	0.1154	0.2568	427911	633	427278	/home/data1/wenhuai/AHR_myocarditis_gwas/data/locus/outcome/Sakaue2021_EUR_Myocarditis.AHR_locus.chr7_16200000_18500000.dedup_by_variant.tsv.gz	aligned	FALSE	FALSE	0.1309	0.06694	G	A	TRUE	0.274134012701513	0.241673529914092	1.13431542461005	0.256662261313847	1.31539106953821	0.819102454461789	2.11237758646173
7	17081157	p0p00000005_r2_0p001_kb10000	/home/data1/wenhuai/AHR_myocarditis_gwas/data/instruments/exposure/eqtlgen_AHR_full_cis_eqtl.p0p00000005_r2_0p001_kb10000.clumped.tsv	rs518136	A	G	0.383141042504416	-0.150674182972047	0.00815495350674626	3.1982e-76	31470	341.37735696	AHR_expression_eQTLGen_whole_blood	eQTLGen whole blood cis-eQTL	Sakaue2021_EUR_Myocarditis	GCST90018882	ebi-a-GCST90018882	Myocarditis	European	7:17081157:G:A	7:17081157:G:A	A	G	0.3864	0.0511	0.0585	0.382	427911	633	427278	/home/data1/wenhuai/AHR_myocarditis_gwas/data/locus/outcome/Sakaue2021_EUR_Myocarditis.AHR_locus.chr7_16200000_18500000.dedup_by_variant.tsv.gz	aligned	FALSE	FALSE	0.0511	0.3864	A	G	TRUE	-0.339142373245721	0.388254967414377	-0.873504273504274	0.382388277933143	0.712381017871113	0.332830439498698	1.52476052186648
7	17236657	p0p00000005_r2_0p01_kb10000	/home/data1/wenhuai/AHR_myocarditis_gwas/data/instruments/exposure/eqtlgen_AHR_full_cis_eqtl.p0p00000005_r2_0p01_kb10000.clumped.tsv	rs10246398	C	T	0.205182892303046	-0.0709667225831592	0.00988077949725843	6.8498e-13	31352	51.58543329	AHR_expression_eQTLGen_whole_blood	eQTLGen whole blood cis-eQTL	Sakaue2021_BBJ_Myocarditis	GCST90018662	ebi-a-GCST90018662	Myocarditis	East Asian / BBJ	rs10246398	7:17236657:C:T	T	C	0.970809796082708	0.855289679390633	0.408104289417535	0.036103261517874	177847	102	177745	/home/data1/wenhuai/AHR_myocarditis_gwas/data/locus/outcome/Sakaue2021_BBJ_Myocarditis.AHR_locus.chr7_16200000_18500000.dedup_by_variant.tsv.gz	swapped	FALSE	FALSE	-0.855289679390633	0.029190203917292	C	T	TRUE	12.0519822285494	5.75064304173433	2.09576253317832	0.0361032615178739	171438.902513549	2.18304756630328	13463425052.5383
7	17016646	p0p00000005_r2_0p01_kb10000	/home/data1/wenhuai/AHR_myocarditis_gwas/data/instruments/exposure/eqtlgen_AHR_full_cis_eqtl.p0p00000005_r2_0p01_kb10000.clumped.tsv	rs10950642	A	G	0.369882326403248	-0.0690909484188838	0.00824858208699559	5.4664e-17	31460	70.15905121	AHR_expression_eQTLGen_whole_blood	eQTLGen whole blood cis-eQTL	Sakaue2021_BBJ_Myocarditis	GCST90018662	ebi-a-GCST90018662	Myocarditis	East Asian / BBJ	rs10950642	7:17016646:G:A	A	G	0.694094648660881	-0.0100613294580726	0.150959776543124	0.946861076426573	177847	102	177745	/home/data1/wenhuai/AHR_myocarditis_gwas/data/locus/outcome/Sakaue2021_BBJ_Myocarditis.AHR_locus.chr7_16200000_18500000.dedup_by_variant.tsv.gz	aligned	FALSE	FALSE	-0.0100613294580726	0.694094648660881	A	G	TRUE	0.145624422421775	2.1849428904621	0.0666490749288995	0.946861076426573	1.15676165271493	0.015972869649517	83.773144748116
7	17306986	p0p00000005_r2_0p01_kb10000	/home/data1/wenhuai/AHR_myocarditis_gwas/data/instruments/exposure/eqtlgen_AHR_full_cis_eqtl.p0p00000005_r2_0p01_kb10000.clumped.tsv	rs2188795	C	T	0.311355862120813	0.120750893177359	0.00858203104272571	5.8069e-45	31464	197.97052804	AHR_expression_eQTLGen_whole_blood	eQTLGen whole blood cis-eQTL	Sakaue2021_BBJ_Myocarditis	GCST90018662	ebi-a-GCST90018662	Myocarditis	East Asian / BBJ	rs2188795	7:17306986:C:T	T	C	0.691998663314644	0.179896436648878	0.153332296783952	0.240697345939571	177847	102	177745	/home/data1/wenhuai/AHR_myocarditis_gwas/data/locus/outcome/Sakaue2021_BBJ_Myocarditis.AHR_locus.chr7_16200000_18500000.dedup_by_variant.tsv.gz	swapped	FALSE	FALSE	-0.179896436648878	0.308001336685356	C	T	TRUE	-1.48981454227958	1.26982329280776	-1.17324556158156	0.240697345939572	0.225414456514416	0.0187105415222612	2.71567111754812
7	17081157	p0p00000005_r2_0p01_kb10000	/home/data1/wenhuai/AHR_myocarditis_gwas/data/instruments/exposure/eqtlgen_AHR_full_cis_eqtl.p0p00000005_r2_0p01_kb10000.clumped.tsv	rs518136	A	G	0.383141042504416	-0.150674182972047	0.00815495350674626	3.1982e-76	31470	341.37735696	AHR_expression_eQTLGen_whole_blood	eQTLGen whole blood cis-eQTL	Sakaue2021_BBJ_Myocarditis	GCST90018662	ebi-a-GCST90018662	Myocarditis	East Asian / BBJ	rs518136	7:17081157:G:A	A	G	0.255638174121244	-0.104861773111757	0.159652607130246	0.511301706921201	177847	102	177745	/home/data1/wenhuai/AHR_myocarditis_gwas/data/locus/outcome/Sakaue2021_BBJ_Myocarditis.AHR_locus.chr7_16200000_18500000.dedup_by_variant.tsv.gz	aligned	FALSE	FALSE	-0.104861773111757	0.255638174121244	A	G	TRUE	0.695950500897761	1.05958833810212	0.656812156072151	0.511301706921199	2.00561450662909	0.251366651750381	16.002478933425
7	17236657	p0p00000005_r2_0p01_kb10000	/home/data1/wenhuai/AHR_myocarditis_gwas/data/instruments/exposure/eqtlgen_AHR_full_cis_eqtl.p0p00000005_r2_0p01_kb10000.clumped.tsv	rs10246398	C	T	0.205182892303046	-0.0709667225831592	0.00988077949725843	6.8498e-13	31352	51.58543329	AHR_expression_eQTLGen_whole_blood	eQTLGen whole blood cis-eQTL	Sakaue2021_EUR_Myocarditis	GCST90018882	ebi-a-GCST90018882	Myocarditis	European	7:17236657:C:T	7:17236657:C:T	T	C	0.6908	-0.0656	0.0635	0.3019	427911	633	427278	/home/data1/wenhuai/AHR_myocarditis_gwas/data/locus/outcome/Sakaue2021_EUR_Myocarditis.AHR_locus.chr7_16200000_18500000.dedup_by_variant.tsv.gz	swapped	FALSE	FALSE	0.0656	0.3092	C	T	TRUE	-0.924376913744742	0.894785579615719	-1.03307086614173	0.301570736138364	0.396778569341967	0.0686896566171302	2.2919496302999
7	17016646	p0p00000005_r2_0p01_kb10000	/home/data1/wenhuai/AHR_myocarditis_gwas/data/instruments/exposure/eqtlgen_AHR_full_cis_eqtl.p0p00000005_r2_0p01_kb10000.clumped.tsv	rs10950642	A	G	0.369882326403248	-0.0690909484188838	0.00824858208699559	5.4664e-17	31460	70.15905121	AHR_expression_eQTLGen_whole_blood	eQTLGen whole blood cis-eQTL	Sakaue2021_EUR_Myocarditis	GCST90018882	ebi-a-GCST90018882	Myocarditis	European	7:17016646:G:A	7:17016646:G:A	A	G	0.3493	0.039	0.0594	0.5113	427911	633	427278	/home/data1/wenhuai/AHR_myocarditis_gwas/data/locus/outcome/Sakaue2021_EUR_Myocarditis.AHR_locus.chr7_16200000_18500000.dedup_by_variant.tsv.gz	aligned	FALSE	FALSE	0.039	0.3493	A	G	TRUE	-0.564473362900611	0.859736352725546	-0.656565656565657	0.511460237654821	0.568659545126862	0.105445967438665	3.06672399256982
7	17162882	p0p00000005_r2_0p01_kb10000	/home/data1/wenhuai/AHR_myocarditis_gwas/data/instruments/exposure/eqtlgen_AHR_full_cis_eqtl.p0p00000005_r2_0p01_kb10000.clumped.tsv	rs17643734	G	A	0.06177375913813	0.47750368044453	0.0164997816324993	3.7714e-184	30851	837.5236	AHR_expression_eQTLGen_whole_blood	eQTLGen whole blood cis-eQTL	Sakaue2021_EUR_Myocarditis	GCST90018882	ebi-a-GCST90018882	Myocarditis	European	7:17162882:A:G	7:17162882:A:G	G	A	0.06694	0.1309	0.1154	0.2568	427911	633	427278	/home/data1/wenhuai/AHR_myocarditis_gwas/data/locus/outcome/Sakaue2021_EUR_Myocarditis.AHR_locus.chr7_16200000_18500000.dedup_by_variant.tsv.gz	aligned	FALSE	FALSE	0.1309	0.06694	G	A	TRUE	0.274134012701513	0.241673529914092	1.13431542461005	0.256662261313847	1.31539106953821	0.819102454461789	2.11237758646173
7	17306986	p0p00000005_r2_0p01_kb10000	/home/data1/wenhuai/AHR_myocarditis_gwas/data/instruments/exposure/eqtlgen_AHR_full_cis_eqtl.p0p00000005_r2_0p01_kb10000.clumped.tsv	rs2188795	C	T	0.311355862120813	0.120750893177359	0.00858203104272571	5.8069e-45	31464	197.97052804	AHR_expression_eQTLGen_whole_blood	eQTLGen whole blood cis-eQTL	Sakaue2021_EUR_Myocarditis	GCST90018882	ebi-a-GCST90018882	Myocarditis	European	7:17306986:C:T	7:17306986:C:T	T	C	0.714716262659812	-0.316	0.13	0.01506	427911	633	427278	/home/data1/wenhuai/AHR_myocarditis_gwas/data/locus/outcome/Sakaue2021_EUR_Myocarditis.AHR_locus.chr7_16200000_18500000.dedup_by_variant.tsv.gz	swapped	FALSE	FALSE	0.316	0.285283737340188	C	T	TRUE	2.61695786826073	1.07659659137308	2.43076923076923	0.0150668074948415	13.6940011990721	1.66001817178917	112.966033762192
7	17081157	p0p00000005_r2_0p01_kb10000	/home/data1/wenhuai/AHR_myocarditis_gwas/data/instruments/exposure/eqtlgen_AHR_full_cis_eqtl.p0p00000005_r2_0p01_kb10000.clumped.tsv	rs518136	A	G	0.383141042504416	-0.150674182972047	0.00815495350674626	3.1982e-76	31470	341.37735696	AHR_expression_eQTLGen_whole_blood	eQTLGen whole blood cis-eQTL	Sakaue2021_EUR_Myocarditis	GCST90018882	ebi-a-GCST90018882	Myocarditis	European	7:17081157:G:A	7:17081157:G:A	A	G	0.3864	0.0511	0.0585	0.382	427911	633	427278	/home/data1/wenhuai/AHR_myocarditis_gwas/data/locus/outcome/Sakaue2021_EUR_Myocarditis.AHR_locus.chr7_16200000_18500000.dedup_by_variant.tsv.gz	aligned	FALSE	FALSE	0.0511	0.3864	A	G	TRUE	-0.339142373245721	0.388254967414377	-0.873504273504274	0.382388277933143	0.712381017871113	0.332830439498698	1.52476052186648
7	16821164	p0p00000005_r2_0p01_kb10000	/home/data1/wenhuai/AHR_myocarditis_gwas/data/instruments/exposure/eqtlgen_AHR_full_cis_eqtl.p0p00000005_r2_0p01_kb10000.clumped.tsv	rs73073514	G	A	0.0366998960779031	0.121156066391615	0.0214030184238019	1.5084e-08	30842	32.04352449	AHR_expression_eQTLGen_whole_blood	eQTLGen whole blood cis-eQTL	Sakaue2021_EUR_Myocarditis	GCST90018882	ebi-a-GCST90018882	Myocarditis	European	7:16821164:A:G	7:16821164:A:G	G	A	0.01813	0.0272	0.1976	0.8905	427911	633	427278	/home/data1/wenhuai/AHR_myocarditis_gwas/data/locus/outcome/Sakaue2021_EUR_Myocarditis.AHR_locus.chr7_16200000_18500000.dedup_by_variant.tsv.gz	aligned	FALSE	FALSE	0.0272	0.01813	G	A	TRUE	0.224503822302062	1.63095423848851	0.137651821862348	0.890515597399176	1.25170149572009	0.0511922827858783	30.6053285597981
7	17390187	p0p000001_r2_0p001_kb10000	/home/data1/wenhuai/AHR_myocarditis_gwas/data/instruments/exposure/eqtlgen_AHR_full_cis_eqtl.p0p000001_r2_0p001_kb10000.clumped.tsv	rs143140455	T	C	0.0570549332925571	0.0867318986881076	0.0173020863964466	5.3644e-07	31020	25.12816384	AHR_expression_eQTLGen_whole_blood	eQTLGen whole blood cis-eQTL	Sakaue2021_BBJ_Myocarditis	GCST90018662	ebi-a-GCST90018662	Myocarditis	East Asian / BBJ	rs143140455	7:17390187:C:T	T	C	0.00203083791888464	-0.290965546435551	1.73918529681211	0.867134073681467	177847	102	177745	/home/data1/wenhuai/AHR_myocarditis_gwas/data/locus/outcome/Sakaue2021_BBJ_Myocarditis.AHR_locus.chr7_16200000_18500000.dedup_by_variant.tsv.gz	aligned	FALSE	FALSE	-0.290965546435551	0.00203083791888464	T	C	TRUE	-3.35476970799265	20.0524296495147	-0.167299911613147	0.867134073681467	0.0349174104294539	2.97899187363973e-19	4092745475029740
7	17081157	p0p000001_r2_0p001_kb10000	/home/data1/wenhuai/AHR_myocarditis_gwas/data/instruments/exposure/eqtlgen_AHR_full_cis_eqtl.p0p000001_r2_0p001_kb10000.clumped.tsv	rs518136	A	G	0.383141042504416	-0.150674182972047	0.00815495350674626	3.1982e-76	31470	341.37735696	AHR_expression_eQTLGen_whole_blood	eQTLGen whole blood cis-eQTL	Sakaue2021_BBJ_Myocarditis	GCST90018662	ebi-a-GCST90018662	Myocarditis	East Asian / BBJ	rs518136	7:17081157:G:A	A	G	0.255638174121244	-0.104861773111757	0.159652607130246	0.511301706921201	177847	102	177745	/home/data1/wenhuai/AHR_myocarditis_gwas/data/locus/outcome/Sakaue2021_BBJ_Myocarditis.AHR_locus.chr7_16200000_18500000.dedup_by_variant.tsv.gz	aligned	FALSE	FALSE	-0.104861773111757	0.255638174121244	A	G	TRUE	0.695950500897761	1.05958833810212	0.656812156072151	0.511301706921199	2.00561450662909	0.251366651750381	16.002478933425
7	16999585	p0p000001_r2_0p001_kb10000	/home/data1/wenhuai/AHR_myocarditis_gwas/data/instruments/exposure/eqtlgen_AHR_full_cis_eqtl.p0p000001_r2_0p001_kb10000.clumped.tsv	rs113521727	A	G	0.0539522972249828	0.113635514402461	0.0177580463506526	1.564e-10	31023	40.94848081	AHR_expression_eQTLGen_whole_blood	eQTLGen whole blood cis-eQTL	Sakaue2021_EUR_Myocarditis	GCST90018882	ebi-a-GCST90018882	Myocarditis	European	7:16999585:G:A	7:16999585:G:A	A	G	0.03642	-0.0066	0.1411	0.9627	427911	633	427278	/home/data1/wenhuai/AHR_myocarditis_gwas/data/locus/outcome/Sakaue2021_EUR_Myocarditis.AHR_locus.chr7_16200000_18500000.dedup_by_variant.tsv.gz	aligned	FALSE	FALSE	-0.0066	0.03642	A	G	TRUE	-0.0580804340500883	1.24168927946477	-0.0467753366406804	0.962692286021464	0.943574048902115	0.0827615728111244	10.7577944149686
7	17390187	p0p000001_r2_0p001_kb10000	/home/data1/wenhuai/AHR_myocarditis_gwas/data/instruments/exposure/eqtlgen_AHR_full_cis_eqtl.p0p000001_r2_0p001_kb10000.clumped.tsv	rs143140455	T	C	0.0570549332925571	0.0867318986881076	0.0173020863964466	5.3644e-07	31020	25.12816384	AHR_expression_eQTLGen_whole_blood	eQTLGen whole blood cis-eQTL	Sakaue2021_EUR_Myocarditis	GCST90018882	ebi-a-GCST90018882	Myocarditis	European	7:17390187:C:T	7:17390187:C:T	T	C	0.06439	-0.0306	0.1149	0.7901	427911	633	427278	/home/data1/wenhuai/AHR_myocarditis_gwas/data/locus/outcome/Sakaue2021_EUR_Myocarditis.AHR_locus.chr7_16200000_18500000.dedup_by_variant.tsv.gz	aligned	FALSE	FALSE	-0.0306	0.06439	T	C	TRUE	-0.352811370013231	1.32477210504968	-0.266318537859008	0.789993897334179	0.702709733004014	0.0523729681423442	9.42854656464137
7	17162882	p0p000001_r2_0p001_kb10000	/home/data1/wenhuai/AHR_myocarditis_gwas/data/instruments/exposure/eqtlgen_AHR_full_cis_eqtl.p0p000001_r2_0p001_kb10000.clumped.tsv	rs17643734	G	A	0.06177375913813	0.47750368044453	0.0164997816324993	3.7714e-184	30851	837.5236	AHR_expression_eQTLGen_whole_blood	eQTLGen whole blood cis-eQTL	Sakaue2021_EUR_Myocarditis	GCST90018882	ebi-a-GCST90018882	Myocarditis	European	7:17162882:A:G	7:17162882:A:G	G	A	0.06694	0.1309	0.1154	0.2568	427911	633	427278	/home/data1/wenhuai/AHR_myocarditis_gwas/data/locus/outcome/Sakaue2021_EUR_Myocarditis.AHR_locus.chr7_16200000_18500000.dedup_by_variant.tsv.gz	aligned	FALSE	FALSE	0.1309	0.06694	G	A	TRUE	0.274134012701513	0.241673529914092	1.13431542461005	0.256662261313847	1.31539106953821	0.819102454461789	2.11237758646173
7	17081157	p0p000001_r2_0p001_kb10000	/home/data1/wenhuai/AHR_myocarditis_gwas/data/instruments/exposure/eqtlgen_AHR_full_cis_eqtl.p0p000001_r2_0p001_kb10000.clumped.tsv	rs518136	A	G	0.383141042504416	-0.150674182972047	0.00815495350674626	3.1982e-76	31470	341.37735696	AHR_expression_eQTLGen_whole_blood	eQTLGen whole blood cis-eQTL	Sakaue2021_EUR_Myocarditis	GCST90018882	ebi-a-GCST90018882	Myocarditis	European	7:17081157:G:A	7:17081157:G:A	A	G	0.3864	0.0511	0.0585	0.382	427911	633	427278	/home/data1/wenhuai/AHR_myocarditis_gwas/data/locus/outcome/Sakaue2021_EUR_Myocarditis.AHR_locus.chr7_16200000_18500000.dedup_by_variant.tsv.gz	aligned	FALSE	FALSE	0.0511	0.3864	A	G	TRUE	-0.339142373245721	0.388254967414377	-0.873504273504274	0.382388277933143	0.712381017871113	0.332830439498698	1.52476052186648
7	17236657	p0p000001_r2_0p01_kb10000	/home/data1/wenhuai/AHR_myocarditis_gwas/data/instruments/exposure/eqtlgen_AHR_full_cis_eqtl.p0p000001_r2_0p01_kb10000.clumped.tsv	rs10246398	C	T	0.205182892303046	-0.0709667225831592	0.00988077949725843	6.8498e-13	31352	51.58543329	AHR_expression_eQTLGen_whole_blood	eQTLGen whole blood cis-eQTL	Sakaue2021_BBJ_Myocarditis	GCST90018662	ebi-a-GCST90018662	Myocarditis	East Asian / BBJ	rs10246398	7:17236657:C:T	T	C	0.970809796082708	0.855289679390633	0.408104289417535	0.036103261517874	177847	102	177745	/home/data1/wenhuai/AHR_myocarditis_gwas/data/locus/outcome/Sakaue2021_BBJ_Myocarditis.AHR_locus.chr7_16200000_18500000.dedup_by_variant.tsv.gz	swapped	FALSE	FALSE	-0.855289679390633	0.029190203917292	C	T	TRUE	12.0519822285494	5.75064304173433	2.09576253317832	0.0361032615178739	171438.902513549	2.18304756630328	13463425052.5383
7	17016646	p0p000001_r2_0p01_kb10000	/home/data1/wenhuai/AHR_myocarditis_gwas/data/instruments/exposure/eqtlgen_AHR_full_cis_eqtl.p0p000001_r2_0p01_kb10000.clumped.tsv	rs10950642	A	G	0.369882326403248	-0.0690909484188838	0.00824858208699559	5.4664e-17	31460	70.15905121	AHR_expression_eQTLGen_whole_blood	eQTLGen whole blood cis-eQTL	Sakaue2021_BBJ_Myocarditis	GCST90018662	ebi-a-GCST90018662	Myocarditis	East Asian / BBJ	rs10950642	7:17016646:G:A	A	G	0.694094648660881	-0.0100613294580726	0.150959776543124	0.946861076426573	177847	102	177745	/home/data1/wenhuai/AHR_myocarditis_gwas/data/locus/outcome/Sakaue2021_BBJ_Myocarditis.AHR_locus.chr7_16200000_18500000.dedup_by_variant.tsv.gz	aligned	FALSE	FALSE	-0.0100613294580726	0.694094648660881	A	G	TRUE	0.145624422421775	2.1849428904621	0.0666490749288995	0.946861076426573	1.15676165271493	0.015972869649517	83.773144748116
7	17306986	p0p000001_r2_0p01_kb10000	/home/data1/wenhuai/AHR_myocarditis_gwas/data/instruments/exposure/eqtlgen_AHR_full_cis_eqtl.p0p000001_r2_0p01_kb10000.clumped.tsv	rs2188795	C	T	0.311355862120813	0.120750893177359	0.00858203104272571	5.8069e-45	31464	197.97052804	AHR_expression_eQTLGen_whole_blood	eQTLGen whole blood cis-eQTL	Sakaue2021_BBJ_Myocarditis	GCST90018662	ebi-a-GCST90018662	Myocarditis	East Asian / BBJ	rs2188795	7:17306986:C:T	T	C	0.691998663314644	0.179896436648878	0.153332296783952	0.240697345939571	177847	102	177745	/home/data1/wenhuai/AHR_myocarditis_gwas/data/locus/outcome/Sakaue2021_BBJ_Myocarditis.AHR_locus.chr7_16200000_18500000.dedup_by_variant.tsv.gz	swapped	FALSE	FALSE	-0.179896436648878	0.308001336685356	C	T	TRUE	-1.48981454227958	1.26982329280776	-1.17324556158156	0.240697345939572	0.225414456514416	0.0187105415222612	2.71567111754812
7	17081157	p0p000001_r2_0p01_kb10000	/home/data1/wenhuai/AHR_myocarditis_gwas/data/instruments/exposure/eqtlgen_AHR_full_cis_eqtl.p0p000001_r2_0p01_kb10000.clumped.tsv	rs518136	A	G	0.383141042504416	-0.150674182972047	0.00815495350674626	3.1982e-76	31470	341.37735696	AHR_expression_eQTLGen_whole_blood	eQTLGen whole blood cis-eQTL	Sakaue2021_BBJ_Myocarditis	GCST90018662	ebi-a-GCST90018662	Myocarditis	East Asian / BBJ	rs518136	7:17081157:G:A	A	G	0.255638174121244	-0.104861773111757	0.159652607130246	0.511301706921201	177847	102	177745	/home/data1/wenhuai/AHR_myocarditis_gwas/data/locus/outcome/Sakaue2021_BBJ_Myocarditis.AHR_locus.chr7_16200000_18500000.dedup_by_variant.tsv.gz	aligned	FALSE	FALSE	-0.104861773111757	0.255638174121244	A	G	TRUE	0.695950500897761	1.05958833810212	0.656812156072151	0.511301706921199	2.00561450662909	0.251366651750381	16.002478933425
7	17236657	p0p000001_r2_0p01_kb10000	/home/data1/wenhuai/AHR_myocarditis_gwas/data/instruments/exposure/eqtlgen_AHR_full_cis_eqtl.p0p000001_r2_0p01_kb10000.clumped.tsv	rs10246398	C	T	0.205182892303046	-0.0709667225831592	0.00988077949725843	6.8498e-13	31352	51.58543329	AHR_expression_eQTLGen_whole_blood	eQTLGen whole blood cis-eQTL	Sakaue2021_EUR_Myocarditis	GCST90018882	ebi-a-GCST90018882	Myocarditis	European	7:17236657:C:T	7:17236657:C:T	T	C	0.6908	-0.0656	0.0635	0.3019	427911	633	427278	/home/data1/wenhuai/AHR_myocarditis_gwas/data/locus/outcome/Sakaue2021_EUR_Myocarditis.AHR_locus.chr7_16200000_18500000.dedup_by_variant.tsv.gz	swapped	FALSE	FALSE	0.0656	0.3092	C	T	TRUE	-0.924376913744742	0.894785579615719	-1.03307086614173	0.301570736138364	0.396778569341967	0.0686896566171302	2.2919496302999
7	17016646	p0p000001_r2_0p01_kb10000	/home/data1/wenhuai/AHR_myocarditis_gwas/data/instruments/exposure/eqtlgen_AHR_full_cis_eqtl.p0p000001_r2_0p01_kb10000.clumped.tsv	rs10950642	A	G	0.369882326403248	-0.0690909484188838	0.00824858208699559	5.4664e-17	31460	70.15905121	AHR_expression_eQTLGen_whole_blood	eQTLGen whole blood cis-eQTL	Sakaue2021_EUR_Myocarditis	GCST90018882	ebi-a-GCST90018882	Myocarditis	European	7:17016646:G:A	7:17016646:G:A	A	G	0.3493	0.039	0.0594	0.5113	427911	633	427278	/home/data1/wenhuai/AHR_myocarditis_gwas/data/locus/outcome/Sakaue2021_EUR_Myocarditis.AHR_locus.chr7_16200000_18500000.dedup_by_variant.tsv.gz	aligned	FALSE	FALSE	0.039	0.3493	A	G	TRUE	-0.564473362900611	0.859736352725546	-0.656565656565657	0.511460237654821	0.568659545126862	0.105445967438665	3.06672399256982
7	17327900	p0p000001_r2_0p01_kb10000	/home/data1/wenhuai/AHR_myocarditis_gwas/data/instruments/exposure/eqtlgen_AHR_full_cis_eqtl.p0p000001_r2_0p01_kb10000.clumped.tsv	rs112198319	G	A	0.0175368870783447	-0.179924082380617	0.0340584694443508	1.2722e-07	24990	27.90797584	AHR_expression_eQTLGen_whole_blood	eQTLGen whole blood cis-eQTL	Sakaue2021_EUR_Myocarditis	GCST90018882	ebi-a-GCST90018882	Myocarditis	European	7:17327900:A:G	7:17327900:A:G	G	A	0.007123	0.1238	0.2815	0.6602	427911	633	427278	/home/data1/wenhuai/AHR_myocarditis_gwas/data/locus/outcome/Sakaue2021_EUR_Myocarditis.AHR_locus.chr7_16200000_18500000.dedup_by_variant.tsv.gz	aligned	FALSE	FALSE	0.1238	0.007123	G	A	TRUE	-0.688067980461391	1.56454876009597	-0.439786856127886	0.660091488221211	0.502546060551117	0.0234101977504853	10.7881422304607
7	17162882	p0p000001_r2_0p01_kb10000	/home/data1/wenhuai/AHR_myocarditis_gwas/data/instruments/exposure/eqtlgen_AHR_full_cis_eqtl.p0p000001_r2_0p01_kb10000.clumped.tsv	rs17643734	G	A	0.06177375913813	0.47750368044453	0.0164997816324993	3.7714e-184	30851	837.5236	AHR_expression_eQTLGen_whole_blood	eQTLGen whole blood cis-eQTL	Sakaue2021_EUR_Myocarditis	GCST90018882	ebi-a-GCST90018882	Myocarditis	European	7:17162882:A:G	7:17162882:A:G	G	A	0.06694	0.1309	0.1154	0.2568	427911	633	427278	/home/data1/wenhuai/AHR_myocarditis_gwas/data/locus/outcome/Sakaue2021_EUR_Myocarditis.AHR_locus.chr7_16200000_18500000.dedup_by_variant.tsv.gz	aligned	FALSE	FALSE	0.1309	0.06694	G	A	TRUE	0.274134012701513	0.241673529914092	1.13431542461005	0.256662261313847	1.31539106953821	0.819102454461789	2.11237758646173
7	17306986	p0p000001_r2_0p01_kb10000	/home/data1/wenhuai/AHR_myocarditis_gwas/data/instruments/exposure/eqtlgen_AHR_full_cis_eqtl.p0p000001_r2_0p01_kb10000.clumped.tsv	rs2188795	C	T	0.311355862120813	0.120750893177359	0.00858203104272571	5.8069e-45	31464	197.97052804	AHR_expression_eQTLGen_whole_blood	eQTLGen whole blood cis-eQTL	Sakaue2021_EUR_Myocarditis	GCST90018882	ebi-a-GCST90018882	Myocarditis	European	7:17306986:C:T	7:17306986:C:T	T	C	0.714716262659812	-0.316	0.13	0.01506	427911	633	427278	/home/data1/wenhuai/AHR_myocarditis_gwas/data/locus/outcome/Sakaue2021_EUR_Myocarditis.AHR_locus.chr7_16200000_18500000.dedup_by_variant.tsv.gz	swapped	FALSE	FALSE	0.316	0.285283737340188	C	T	TRUE	2.61695786826073	1.07659659137308	2.43076923076923	0.0150668074948415	13.6940011990721	1.66001817178917	112.966033762192
7	17081157	p0p000001_r2_0p01_kb10000	/home/data1/wenhuai/AHR_myocarditis_gwas/data/instruments/exposure/eqtlgen_AHR_full_cis_eqtl.p0p000001_r2_0p01_kb10000.clumped.tsv	rs518136	A	G	0.383141042504416	-0.150674182972047	0.00815495350674626	3.1982e-76	31470	341.37735696	AHR_expression_eQTLGen_whole_blood	eQTLGen whole blood cis-eQTL	Sakaue2021_EUR_Myocarditis	GCST90018882	ebi-a-GCST90018882	Myocarditis	European	7:17081157:G:A	7:17081157:G:A	A	G	0.3864	0.0511	0.0585	0.382	427911	633	427278	/home/data1/wenhuai/AHR_myocarditis_gwas/data/locus/outcome/Sakaue2021_EUR_Myocarditis.AHR_locus.chr7_16200000_18500000.dedup_by_variant.tsv.gz	aligned	FALSE	FALSE	0.0511	0.3864	A	G	TRUE	-0.339142373245721	0.388254967414377	-0.873504273504274	0.382388277933143	0.712381017871113	0.332830439498698	1.52476052186648
7	16755789	p0p000001_r2_0p01_kb10000	/home/data1/wenhuai/AHR_myocarditis_gwas/data/instruments/exposure/eqtlgen_AHR_full_cis_eqtl.p0p000001_r2_0p01_kb10000.clumped.tsv	rs6971769	C	G	0.112293813460159	0.0679397162121434	0.0126422992579351	7.7009e-08	31354	28.879876	AHR_expression_eQTLGen_whole_blood	eQTLGen whole blood cis-eQTL	Sakaue2021_EUR_Myocarditis	GCST90018882	ebi-a-GCST90018882	Myocarditis	European	7:16755789:G:C	7:16755789:G:C	C	G	0.1471	0.0276	0.0818	0.7358	427911	633	427278	/home/data1/wenhuai/AHR_myocarditis_gwas/data/locus/outcome/Sakaue2021_EUR_Myocarditis.AHR_locus.chr7_16200000_18500000.dedup_by_variant.tsv.gz	aligned	TRUE	FALSE	0.0276	0.1471	C	G	TRUE	0.406242497596227	1.20400856171635	0.337408312958435	0.735809118867978	1.50116653760038	0.14176078092362	15.8965050765719
7	16821164	p0p000001_r2_0p01_kb10000	/home/data1/wenhuai/AHR_myocarditis_gwas/data/instruments/exposure/eqtlgen_AHR_full_cis_eqtl.p0p000001_r2_0p01_kb10000.clumped.tsv	rs73073514	G	A	0.0366998960779031	0.121156066391615	0.0214030184238019	1.5084e-08	30842	32.04352449	AHR_expression_eQTLGen_whole_blood	eQTLGen whole blood cis-eQTL	Sakaue2021_EUR_Myocarditis	GCST90018882	ebi-a-GCST90018882	Myocarditis	European	7:16821164:A:G	7:16821164:A:G	G	A	0.01813	0.0272	0.1976	0.8905	427911	633	427278	/home/data1/wenhuai/AHR_myocarditis_gwas/data/locus/outcome/Sakaue2021_EUR_Myocarditis.AHR_locus.chr7_16200000_18500000.dedup_by_variant.tsv.gz	aligned	FALSE	FALSE	0.0272	0.01813	G	A	TRUE	0.224503822302062	1.63095423848851	0.137651821862348	0.890515597399176	1.25170149572009	0.0511922827858783	30.6053285597981
7	17390187	p0p00001_r2_0p001_kb10000	/home/data1/wenhuai/AHR_myocarditis_gwas/data/instruments/exposure/eqtlgen_AHR_full_cis_eqtl.p0p00001_r2_0p001_kb10000.clumped.tsv	rs143140455	T	C	0.0570549332925571	0.0867318986881076	0.0173020863964466	5.3644e-07	31020	25.12816384	AHR_expression_eQTLGen_whole_blood	eQTLGen whole blood cis-eQTL	Sakaue2021_BBJ_Myocarditis	GCST90018662	ebi-a-GCST90018662	Myocarditis	East Asian / BBJ	rs143140455	7:17390187:C:T	T	C	0.00203083791888464	-0.290965546435551	1.73918529681211	0.867134073681467	177847	102	177745	/home/data1/wenhuai/AHR_myocarditis_gwas/data/locus/outcome/Sakaue2021_BBJ_Myocarditis.AHR_locus.chr7_16200000_18500000.dedup_by_variant.tsv.gz	aligned	FALSE	FALSE	-0.290965546435551	0.00203083791888464	T	C	TRUE	-3.35476970799265	20.0524296495147	-0.167299911613147	0.867134073681467	0.0349174104294539	2.97899187363973e-19	4092745475029740
7	17081157	p0p00001_r2_0p001_kb10000	/home/data1/wenhuai/AHR_myocarditis_gwas/data/instruments/exposure/eqtlgen_AHR_full_cis_eqtl.p0p00001_r2_0p001_kb10000.clumped.tsv	rs518136	A	G	0.383141042504416	-0.150674182972047	0.00815495350674626	3.1982e-76	31470	341.37735696	AHR_expression_eQTLGen_whole_blood	eQTLGen whole blood cis-eQTL	Sakaue2021_BBJ_Myocarditis	GCST90018662	ebi-a-GCST90018662	Myocarditis	East Asian / BBJ	rs518136	7:17081157:G:A	A	G	0.255638174121244	-0.104861773111757	0.159652607130246	0.511301706921201	177847	102	177745	/home/data1/wenhuai/AHR_myocarditis_gwas/data/locus/outcome/Sakaue2021_BBJ_Myocarditis.AHR_locus.chr7_16200000_18500000.dedup_by_variant.tsv.gz	aligned	FALSE	FALSE	-0.104861773111757	0.255638174121244	A	G	TRUE	0.695950500897761	1.05958833810212	0.656812156072151	0.511301706921199	2.00561450662909	0.251366651750381	16.002478933425
7	16999585	p0p00001_r2_0p001_kb10000	/home/data1/wenhuai/AHR_myocarditis_gwas/data/instruments/exposure/eqtlgen_AHR_full_cis_eqtl.p0p00001_r2_0p001_kb10000.clumped.tsv	rs113521727	A	G	0.0539522972249828	0.113635514402461	0.0177580463506526	1.564e-10	31023	40.94848081	AHR_expression_eQTLGen_whole_blood	eQTLGen whole blood cis-eQTL	Sakaue2021_EUR_Myocarditis	GCST90018882	ebi-a-GCST90018882	Myocarditis	European	7:16999585:G:A	7:16999585:G:A	A	G	0.03642	-0.0066	0.1411	0.9627	427911	633	427278	/home/data1/wenhuai/AHR_myocarditis_gwas/data/locus/outcome/Sakaue2021_EUR_Myocarditis.AHR_locus.chr7_16200000_18500000.dedup_by_variant.tsv.gz	aligned	FALSE	FALSE	-0.0066	0.03642	A	G	TRUE	-0.0580804340500883	1.24168927946477	-0.0467753366406804	0.962692286021464	0.943574048902115	0.0827615728111244	10.7577944149686
7	17390187	p0p00001_r2_0p001_kb10000	/home/data1/wenhuai/AHR_myocarditis_gwas/data/instruments/exposure/eqtlgen_AHR_full_cis_eqtl.p0p00001_r2_0p001_kb10000.clumped.tsv	rs143140455	T	C	0.0570549332925571	0.0867318986881076	0.0173020863964466	5.3644e-07	31020	25.12816384	AHR_expression_eQTLGen_whole_blood	eQTLGen whole blood cis-eQTL	Sakaue2021_EUR_Myocarditis	GCST90018882	ebi-a-GCST90018882	Myocarditis	European	7:17390187:C:T	7:17390187:C:T	T	C	0.06439	-0.0306	0.1149	0.7901	427911	633	427278	/home/data1/wenhuai/AHR_myocarditis_gwas/data/locus/outcome/Sakaue2021_EUR_Myocarditis.AHR_locus.chr7_16200000_18500000.dedup_by_variant.tsv.gz	aligned	FALSE	FALSE	-0.0306	0.06439	T	C	TRUE	-0.352811370013231	1.32477210504968	-0.266318537859008	0.789993897334179	0.702709733004014	0.0523729681423442	9.42854656464137
7	17162882	p0p00001_r2_0p001_kb10000	/home/data1/wenhuai/AHR_myocarditis_gwas/data/instruments/exposure/eqtlgen_AHR_full_cis_eqtl.p0p00001_r2_0p001_kb10000.clumped.tsv	rs17643734	G	A	0.06177375913813	0.47750368044453	0.0164997816324993	3.7714e-184	30851	837.5236	AHR_expression_eQTLGen_whole_blood	eQTLGen whole blood cis-eQTL	Sakaue2021_EUR_Myocarditis	GCST90018882	ebi-a-GCST90018882	Myocarditis	European	7:17162882:A:G	7:17162882:A:G	G	A	0.06694	0.1309	0.1154	0.2568	427911	633	427278	/home/data1/wenhuai/AHR_myocarditis_gwas/data/locus/outcome/Sakaue2021_EUR_Myocarditis.AHR_locus.chr7_16200000_18500000.dedup_by_variant.tsv.gz	aligned	FALSE	FALSE	0.1309	0.06694	G	A	TRUE	0.274134012701513	0.241673529914092	1.13431542461005	0.256662261313847	1.31539106953821	0.819102454461789	2.11237758646173
7	17081157	p0p00001_r2_0p001_kb10000	/home/data1/wenhuai/AHR_myocarditis_gwas/data/instruments/exposure/eqtlgen_AHR_full_cis_eqtl.p0p00001_r2_0p001_kb10000.clumped.tsv	rs518136	A	G	0.383141042504416	-0.150674182972047	0.00815495350674626	3.1982e-76	31470	341.37735696	AHR_expression_eQTLGen_whole_blood	eQTLGen whole blood cis-eQTL	Sakaue2021_EUR_Myocarditis	GCST90018882	ebi-a-GCST90018882	Myocarditis	European	7:17081157:G:A	7:17081157:G:A	A	G	0.3864	0.0511	0.0585	0.382	427911	633	427278	/home/data1/wenhuai/AHR_myocarditis_gwas/data/locus/outcome/Sakaue2021_EUR_Myocarditis.AHR_locus.chr7_16200000_18500000.dedup_by_variant.tsv.gz	aligned	FALSE	FALSE	0.0511	0.3864	A	G	TRUE	-0.339142373245721	0.388254967414377	-0.873504273504274	0.382388277933143	0.712381017871113	0.332830439498698	1.52476052186648
7	17236657	p0p00001_r2_0p01_kb10000	/home/data1/wenhuai/AHR_myocarditis_gwas/data/instruments/exposure/eqtlgen_AHR_full_cis_eqtl.p0p00001_r2_0p01_kb10000.clumped.tsv	rs10246398	C	T	0.205182892303046	-0.0709667225831592	0.00988077949725843	6.8498e-13	31352	51.58543329	AHR_expression_eQTLGen_whole_blood	eQTLGen whole blood cis-eQTL	Sakaue2021_BBJ_Myocarditis	GCST90018662	ebi-a-GCST90018662	Myocarditis	East Asian / BBJ	rs10246398	7:17236657:C:T	T	C	0.970809796082708	0.855289679390633	0.408104289417535	0.036103261517874	177847	102	177745	/home/data1/wenhuai/AHR_myocarditis_gwas/data/locus/outcome/Sakaue2021_BBJ_Myocarditis.AHR_locus.chr7_16200000_18500000.dedup_by_variant.tsv.gz	swapped	FALSE	FALSE	-0.855289679390633	0.029190203917292	C	T	TRUE	12.0519822285494	5.75064304173433	2.09576253317832	0.0361032615178739	171438.902513549	2.18304756630328	13463425052.5383
7	17016646	p0p00001_r2_0p01_kb10000	/home/data1/wenhuai/AHR_myocarditis_gwas/data/instruments/exposure/eqtlgen_AHR_full_cis_eqtl.p0p00001_r2_0p01_kb10000.clumped.tsv	rs10950642	A	G	0.369882326403248	-0.0690909484188838	0.00824858208699559	5.4664e-17	31460	70.15905121	AHR_expression_eQTLGen_whole_blood	eQTLGen whole blood cis-eQTL	Sakaue2021_BBJ_Myocarditis	GCST90018662	ebi-a-GCST90018662	Myocarditis	East Asian / BBJ	rs10950642	7:17016646:G:A	A	G	0.694094648660881	-0.0100613294580726	0.150959776543124	0.946861076426573	177847	102	177745	/home/data1/wenhuai/AHR_myocarditis_gwas/data/locus/outcome/Sakaue2021_BBJ_Myocarditis.AHR_locus.chr7_16200000_18500000.dedup_by_variant.tsv.gz	aligned	FALSE	FALSE	-0.0100613294580726	0.694094648660881	A	G	TRUE	0.145624422421775	2.1849428904621	0.0666490749288995	0.946861076426573	1.15676165271493	0.015972869649517	83.773144748116
7	17524639	p0p00001_r2_0p01_kb10000	/home/data1/wenhuai/AHR_myocarditis_gwas/data/instruments/exposure/eqtlgen_AHR_full_cis_eqtl.p0p00001_r2_0p01_kb10000.clumped.tsv	rs16871596	A	C	0.316822918762322	0.0422690562870651	0.00881376543789671	1.6203e-06	29714	22.99969764	AHR_expression_eQTLGen_whole_blood	eQTLGen whole blood cis-eQTL	Sakaue2021_BBJ_Myocarditis	GCST90018662	ebi-a-GCST90018662	Myocarditis	East Asian / BBJ	rs16871596	7:17524639:C:A	A	C	0.416078052108448	0.0148387329596572	0.142975572628105	0.917339897430811	177847	102	177745	/home/data1/wenhuai/AHR_myocarditis_gwas/data/locus/outcome/Sakaue2021_BBJ_Myocarditis.AHR_locus.chr7_16200000_18500000.dedup_by_variant.tsv.gz	aligned	FALSE	FALSE	0.0148387329596572	0.416078052108448	A	C	TRUE	0.351054276179761	3.38251158618503	0.103785092004872	0.917339897430812	1.42056442662999	0.001875896814687	1075.75388710456
7	17306986	p0p00001_r2_0p01_kb10000	/home/data1/wenhuai/AHR_myocarditis_gwas/data/instruments/exposure/eqtlgen_AHR_full_cis_eqtl.p0p00001_r2_0p01_kb10000.clumped.tsv	rs2188795	C	T	0.311355862120813	0.120750893177359	0.00858203104272571	5.8069e-45	31464	197.97052804	AHR_expression_eQTLGen_whole_blood	eQTLGen whole blood cis-eQTL	Sakaue2021_BBJ_Myocarditis	GCST90018662	ebi-a-GCST90018662	Myocarditis	East Asian / BBJ	rs2188795	7:17306986:C:T	T	C	0.691998663314644	0.179896436648878	0.153332296783952	0.240697345939571	177847	102	177745	/home/data1/wenhuai/AHR_myocarditis_gwas/data/locus/outcome/Sakaue2021_BBJ_Myocarditis.AHR_locus.chr7_16200000_18500000.dedup_by_variant.tsv.gz	swapped	FALSE	FALSE	-0.179896436648878	0.308001336685356	C	T	TRUE	-1.48981454227958	1.26982329280776	-1.17324556158156	0.240697345939572	0.225414456514416	0.0187105415222612	2.71567111754812
7	17081157	p0p00001_r2_0p01_kb10000	/home/data1/wenhuai/AHR_myocarditis_gwas/data/instruments/exposure/eqtlgen_AHR_full_cis_eqtl.p0p00001_r2_0p01_kb10000.clumped.tsv	rs518136	A	G	0.383141042504416	-0.150674182972047	0.00815495350674626	3.1982e-76	31470	341.37735696	AHR_expression_eQTLGen_whole_blood	eQTLGen whole blood cis-eQTL	Sakaue2021_BBJ_Myocarditis	GCST90018662	ebi-a-GCST90018662	Myocarditis	East Asian / BBJ	rs518136	7:17081157:G:A	A	G	0.255638174121244	-0.104861773111757	0.159652607130246	0.511301706921201	177847	102	177745	/home/data1/wenhuai/AHR_myocarditis_gwas/data/locus/outcome/Sakaue2021_BBJ_Myocarditis.AHR_locus.chr7_16200000_18500000.dedup_by_variant.tsv.gz	aligned	FALSE	FALSE	-0.104861773111757	0.255638174121244	A	G	TRUE	0.695950500897761	1.05958833810212	0.656812156072151	0.511301706921199	2.00561450662909	0.251366651750381	16.002478933425
7	17236657	p0p00001_r2_0p01_kb10000	/home/data1/wenhuai/AHR_myocarditis_gwas/data/instruments/exposure/eqtlgen_AHR_full_cis_eqtl.p0p00001_r2_0p01_kb10000.clumped.tsv	rs10246398	C	T	0.205182892303046	-0.0709667225831592	0.00988077949725843	6.8498e-13	31352	51.58543329	AHR_expression_eQTLGen_whole_blood	eQTLGen whole blood cis-eQTL	Sakaue2021_EUR_Myocarditis	GCST90018882	ebi-a-GCST90018882	Myocarditis	European	7:17236657:C:T	7:17236657:C:T	T	C	0.6908	-0.0656	0.0635	0.3019	427911	633	427278	/home/data1/wenhuai/AHR_myocarditis_gwas/data/locus/outcome/Sakaue2021_EUR_Myocarditis.AHR_locus.chr7_16200000_18500000.dedup_by_variant.tsv.gz	swapped	FALSE	FALSE	0.0656	0.3092	C	T	TRUE	-0.924376913744742	0.894785579615719	-1.03307086614173	0.301570736138364	0.396778569341967	0.0686896566171302	2.2919496302999
7	17016646	p0p00001_r2_0p01_kb10000	/home/data1/wenhuai/AHR_myocarditis_gwas/data/instruments/exposure/eqtlgen_AHR_full_cis_eqtl.p0p00001_r2_0p01_kb10000.clumped.tsv	rs10950642	A	G	0.369882326403248	-0.0690909484188838	0.00824858208699559	5.4664e-17	31460	70.15905121	AHR_expression_eQTLGen_whole_blood	eQTLGen whole blood cis-eQTL	Sakaue2021_EUR_Myocarditis	GCST90018882	ebi-a-GCST90018882	Myocarditis	European	7:17016646:G:A	7:17016646:G:A	A	G	0.3493	0.039	0.0594	0.5113	427911	633	427278	/home/data1/wenhuai/AHR_myocarditis_gwas/data/locus/outcome/Sakaue2021_EUR_Myocarditis.AHR_locus.chr7_16200000_18500000.dedup_by_variant.tsv.gz	aligned	FALSE	FALSE	0.039	0.3493	A	G	TRUE	-0.564473362900611	0.859736352725546	-0.656565656565657	0.511460237654821	0.568659545126862	0.105445967438665	3.06672399256982
7	17327900	p0p00001_r2_0p01_kb10000	/home/data1/wenhuai/AHR_myocarditis_gwas/data/instruments/exposure/eqtlgen_AHR_full_cis_eqtl.p0p00001_r2_0p01_kb10000.clumped.tsv	rs112198319	G	A	0.0175368870783447	-0.179924082380617	0.0340584694443508	1.2722e-07	24990	27.90797584	AHR_expression_eQTLGen_whole_blood	eQTLGen whole blood cis-eQTL	Sakaue2021_EUR_Myocarditis	GCST90018882	ebi-a-GCST90018882	Myocarditis	European	7:17327900:A:G	7:17327900:A:G	G	A	0.007123	0.1238	0.2815	0.6602	427911	633	427278	/home/data1/wenhuai/AHR_myocarditis_gwas/data/locus/outcome/Sakaue2021_EUR_Myocarditis.AHR_locus.chr7_16200000_18500000.dedup_by_variant.tsv.gz	aligned	FALSE	FALSE	0.1238	0.007123	G	A	TRUE	-0.688067980461391	1.56454876009597	-0.439786856127886	0.660091488221211	0.502546060551117	0.0234101977504853	10.7881422304607
7	17524639	p0p00001_r2_0p01_kb10000	/home/data1/wenhuai/AHR_myocarditis_gwas/data/instruments/exposure/eqtlgen_AHR_full_cis_eqtl.p0p00001_r2_0p01_kb10000.clumped.tsv	rs16871596	A	C	0.316822918762322	0.0422690562870651	0.00881376543789671	1.6203e-06	29714	22.99969764	AHR_expression_eQTLGen_whole_blood	eQTLGen whole blood cis-eQTL	Sakaue2021_EUR_Myocarditis	GCST90018882	ebi-a-GCST90018882	Myocarditis	European	7:17524639:C:A	7:17524639:C:A	A	C	0.3125	0.0091	0.0614	0.8825	427911	633	427278	/home/data1/wenhuai/AHR_myocarditis_gwas/data/locus/outcome/Sakaue2021_EUR_Myocarditis.AHR_locus.chr7_16200000_18500000.dedup_by_variant.tsv.gz	aligned	FALSE	FALSE	0.0091	0.3125	A	C	TRUE	0.215287512884093	1.45259926275641	0.148208469055375	0.882178248294086	1.24021842448661	0.0719483310333614	21.3784214080356
7	17162882	p0p00001_r2_0p01_kb10000	/home/data1/wenhuai/AHR_myocarditis_gwas/data/instruments/exposure/eqtlgen_AHR_full_cis_eqtl.p0p00001_r2_0p01_kb10000.clumped.tsv	rs17643734	G	A	0.06177375913813	0.47750368044453	0.0164997816324993	3.7714e-184	30851	837.5236	AHR_expression_eQTLGen_whole_blood	eQTLGen whole blood cis-eQTL	Sakaue2021_EUR_Myocarditis	GCST90018882	ebi-a-GCST90018882	Myocarditis	European	7:17162882:A:G	7:17162882:A:G	G	A	0.06694	0.1309	0.1154	0.2568	427911	633	427278	/home/data1/wenhuai/AHR_myocarditis_gwas/data/locus/outcome/Sakaue2021_EUR_Myocarditis.AHR_locus.chr7_16200000_18500000.dedup_by_variant.tsv.gz	aligned	FALSE	FALSE	0.1309	0.06694	G	A	TRUE	0.274134012701513	0.241673529914092	1.13431542461005	0.256662261313847	1.31539106953821	0.819102454461789	2.11237758646173
7	17306986	p0p00001_r2_0p01_kb10000	/home/data1/wenhuai/AHR_myocarditis_gwas/data/instruments/exposure/eqtlgen_AHR_full_cis_eqtl.p0p00001_r2_0p01_kb10000.clumped.tsv	rs2188795	C	T	0.311355862120813	0.120750893177359	0.00858203104272571	5.8069e-45	31464	197.97052804	AHR_expression_eQTLGen_whole_blood	eQTLGen whole blood cis-eQTL	Sakaue2021_EUR_Myocarditis	GCST90018882	ebi-a-GCST90018882	Myocarditis	European	7:17306986:C:T	7:17306986:C:T	T	C	0.714716262659812	-0.316	0.13	0.01506	427911	633	427278	/home/data1/wenhuai/AHR_myocarditis_gwas/data/locus/outcome/Sakaue2021_EUR_Myocarditis.AHR_locus.chr7_16200000_18500000.dedup_by_variant.tsv.gz	swapped	FALSE	FALSE	0.316	0.285283737340188	C	T	TRUE	2.61695786826073	1.07659659137308	2.43076923076923	0.0150668074948415	13.6940011990721	1.66001817178917	112.966033762192
7	17081157	p0p00001_r2_0p01_kb10000	/home/data1/wenhuai/AHR_myocarditis_gwas/data/instruments/exposure/eqtlgen_AHR_full_cis_eqtl.p0p00001_r2_0p01_kb10000.clumped.tsv	rs518136	A	G	0.383141042504416	-0.150674182972047	0.00815495350674626	3.1982e-76	31470	341.37735696	AHR_expression_eQTLGen_whole_blood	eQTLGen whole blood cis-eQTL	Sakaue2021_EUR_Myocarditis	GCST90018882	ebi-a-GCST90018882	Myocarditis	European	7:17081157:G:A	7:17081157:G:A	A	G	0.3864	0.0511	0.0585	0.382	427911	633	427278	/home/data1/wenhuai/AHR_myocarditis_gwas/data/locus/outcome/Sakaue2021_EUR_Myocarditis.AHR_locus.chr7_16200000_18500000.dedup_by_variant.tsv.gz	aligned	FALSE	FALSE	0.0511	0.3864	A	G	TRUE	-0.339142373245721	0.388254967414377	-0.873504273504274	0.382388277933143	0.712381017871113	0.332830439498698	1.52476052186648
7	16755789	p0p00001_r2_0p01_kb10000	/home/data1/wenhuai/AHR_myocarditis_gwas/data/instruments/exposure/eqtlgen_AHR_full_cis_eqtl.p0p00001_r2_0p01_kb10000.clumped.tsv	rs6971769	C	G	0.112293813460159	0.0679397162121434	0.0126422992579351	7.7009e-08	31354	28.879876	AHR_expression_eQTLGen_whole_blood	eQTLGen whole blood cis-eQTL	Sakaue2021_EUR_Myocarditis	GCST90018882	ebi-a-GCST90018882	Myocarditis	European	7:16755789:G:C	7:16755789:G:C	C	G	0.1471	0.0276	0.0818	0.7358	427911	633	427278	/home/data1/wenhuai/AHR_myocarditis_gwas/data/locus/outcome/Sakaue2021_EUR_Myocarditis.AHR_locus.chr7_16200000_18500000.dedup_by_variant.tsv.gz	aligned	TRUE	FALSE	0.0276	0.1471	C	G	TRUE	0.406242497596227	1.20400856171635	0.337408312958435	0.735809118867978	1.50116653760038	0.14176078092362	15.8965050765719
7	16821164	p0p00001_r2_0p01_kb10000	/home/data1/wenhuai/AHR_myocarditis_gwas/data/instruments/exposure/eqtlgen_AHR_full_cis_eqtl.p0p00001_r2_0p01_kb10000.clumped.tsv	rs73073514	G	A	0.0366998960779031	0.121156066391615	0.0214030184238019	1.5084e-08	30842	32.04352449	AHR_expression_eQTLGen_whole_blood	eQTLGen whole blood cis-eQTL	Sakaue2021_EUR_Myocarditis	GCST90018882	ebi-a-GCST90018882	Myocarditis	European	7:16821164:A:G	7:16821164:A:G	G	A	0.01813	0.0272	0.1976	0.8905	427911	633	427278	/home/data1/wenhuai/AHR_myocarditis_gwas/data/locus/outcome/Sakaue2021_EUR_Myocarditis.AHR_locus.chr7_16200000_18500000.dedup_by_variant.tsv.gz	aligned	FALSE	FALSE	0.0272	0.01813	G	A	TRUE	0.224503822302062	1.63095423848851	0.137651821862348	0.890515597399176	1.25170149572009	0.0511922827858783	30.6053285597981
