dataset_key	source_id	open_gwas_id	trait	population	analysis_role	genome_build	chr	pos	SNP	variant_id	variant_id_raw	effect_allele	other_allele	eaf	beta	se	pval	n	ncase	ncontrol	info	direction	af_cases	af_controls	af_allele2_ukb	af_allele2_fg	source_file	inner_file	effect_allele_note	analysis_region
Sakaue2021_BBJ_Myocarditis	GCST90018662	ebi-a-GCST90018662	Myocarditis	East Asian / BBJ	primary_parallel	source_original_not_lifted	7	16709800	7:16709800:G:T	7:16709800:G:T	7:16709800:G:T	T	G	0.00417140884589219	4.91065528565678	1.49313560918114	0.00100608096773975	177847	102	177745	0.902779687438091	NA	0.0233948481353326	0.00416037736369408	NA	NA	/home/data1/wenhuai/AHR_myocarditis_gwas/data/raw/outcome/sakaue_2021_BBJ/hum0197.v3.BBJ.Myo.v1.zip	hum0197.v3.BBJ.Myo.v1/GWASsummary_Myocarditis_Japanese_SakaueKanai2020.auto.txt.gz	BETA, SE, p.value and AF are aligned to Allele2	AHR_locus_chr7_16200000_18500000
Sakaue2021_BBJ_Myocarditis	GCST90018662	ebi-a-GCST90018662	Myocarditis	East Asian / BBJ	primary_parallel	source_original_not_lifted	7	16839180	rs529875387	7:16839180:T:A	7:16839180:T:A	A	T	0.000553890946352937	21.0544609844658	6.45626015820125	0.00110983864911016	177847	102	177745	0.785868500370791	NA	0.0100538254517493	0.000548439353799975	NA	NA	/home/data1/wenhuai/AHR_myocarditis_gwas/data/raw/outcome/sakaue_2021_BBJ/hum0197.v3.BBJ.Myo.v1.zip	hum0197.v3.BBJ.Myo.v1/GWASsummary_Myocarditis_Japanese_SakaueKanai2020.auto.txt.gz	BETA, SE, p.value and AF are aligned to Allele2	AHR_locus_chr7_16200000_18500000
Sakaue2021_BBJ_Myocarditis	GCST90018662	ebi-a-GCST90018662	Myocarditis	East Asian / BBJ	primary_parallel	source_original_not_lifted	7	16351558	rs12666346	7:16351558:T:C	7:16351558:T:C	C	T	0.33168030418749	-0.483561519784976	0.150385899156252	0.00130230585347902	177847	102	177745	0.977766911769702	NA	0.225470972702807	0.331741253028821	NA	NA	/home/data1/wenhuai/AHR_myocarditis_gwas/data/raw/outcome/sakaue_2021_BBJ/hum0197.v3.BBJ.Myo.v1.zip	hum0197.v3.BBJ.Myo.v1/GWASsummary_Myocarditis_Japanese_SakaueKanai2020.auto.txt.gz	BETA, SE, p.value and AF are aligned to Allele2	AHR_locus_chr7_16200000_18500000
Sakaue2021_BBJ_Myocarditis	GCST90018662	ebi-a-GCST90018662	Myocarditis	East Asian / BBJ	primary_parallel	source_original_not_lifted	7	17764042	rs555603156	7:17764042:T:C	7:17764042:T:C	C	T	0.00072268551608055	18.304867821586	5.71391991374175	0.00135741192800164	177847	102	177745	0.713109722336805	NA	0.00974625144175317	0.000717507290406669	NA	NA	/home/data1/wenhuai/AHR_myocarditis_gwas/data/raw/outcome/sakaue_2021_BBJ/hum0197.v3.BBJ.Myo.v1.zip	hum0197.v3.BBJ.Myo.v1/GWASsummary_Myocarditis_Japanese_SakaueKanai2020.auto.txt.gz	BETA, SE, p.value and AF are aligned to Allele2	AHR_locus_chr7_16200000_18500000
Sakaue2021_BBJ_Myocarditis	GCST90018662	ebi-a-GCST90018662	Myocarditis	East Asian / BBJ	primary_parallel	source_original_not_lifted	7	17745529	rs192638052	7:17745529:G:A	7:17745529:G:A	A	G	0.0016271421667985	8.82808790232991	2.7737332736883	0.00145885635413419	177847	102	177745	0.821111349346802	NA	0.0148596693579393	0.00161954860427391	NA	NA	/home/data1/wenhuai/AHR_myocarditis_gwas/data/raw/outcome/sakaue_2021_BBJ/hum0197.v3.BBJ.Myo.v1.zip	hum0197.v3.BBJ.Myo.v1/GWASsummary_Myocarditis_Japanese_SakaueKanai2020.auto.txt.gz	BETA, SE, p.value and AF are aligned to Allele2	AHR_locus_chr7_16200000_18500000
Sakaue2021_BBJ_Myocarditis	GCST90018662	ebi-a-GCST90018662	Myocarditis	East Asian / BBJ	primary_parallel	source_original_not_lifted	7	18433989	rs973450200	7:18433989:C:A	7:18433989:C:A	A	C	0.00109497070459464	17.3495652935794	5.47087511431814	0.00151779431036322	177847	102	177745	0.712785893741061	NA	0.00988081507112649	0.00108992889681682	NA	NA	/home/data1/wenhuai/AHR_myocarditis_gwas/data/raw/outcome/sakaue_2021_BBJ/hum0197.v3.BBJ.Myo.v1.zip	hum0197.v3.BBJ.Myo.v1/GWASsummary_Myocarditis_Japanese_SakaueKanai2020.auto.txt.gz	BETA, SE, p.value and AF are aligned to Allele2	AHR_locus_chr7_16200000_18500000
Sakaue2021_BBJ_Myocarditis	GCST90018662	ebi-a-GCST90018662	Myocarditis	East Asian / BBJ	primary_parallel	source_original_not_lifted	7	18160189	rs200405706	7:18160189:C:G	7:18160189:C:G	G	C	0.000438435901654625	23.6077734183302	7.54210873880041	0.00174729543645974	177847	102	177745	0.766640810236232	NA	0.00832372164552095	0.000433910884672303	NA	NA	/home/data1/wenhuai/AHR_myocarditis_gwas/data/raw/outcome/sakaue_2021_BBJ/hum0197.v3.BBJ.Myo.v1.zip	hum0197.v3.BBJ.Myo.v1/GWASsummary_Myocarditis_Japanese_SakaueKanai2020.auto.txt.gz	BETA, SE, p.value and AF are aligned to Allele2	AHR_locus_chr7_16200000_18500000
Sakaue2021_BBJ_Myocarditis	GCST90018662	ebi-a-GCST90018662	Myocarditis	East Asian / BBJ	primary_parallel	source_original_not_lifted	7	16761784	rs11770872	7:16761784:T:C	7:16761784:T:C	C	T	0.182026818160619	-0.557060552821034	0.182455375550371	0.00226465440346121	177847	102	177745	0.999614457070463	NA	0.0980392156862745	0.18207501493382	NA	NA	/home/data1/wenhuai/AHR_myocarditis_gwas/data/raw/outcome/sakaue_2021_BBJ/hum0197.v3.BBJ.Myo.v1.zip	hum0197.v3.BBJ.Myo.v1/GWASsummary_Myocarditis_Japanese_SakaueKanai2020.auto.txt.gz	BETA, SE, p.value and AF are aligned to Allele2	AHR_locus_chr7_16200000_18500000
Sakaue2021_BBJ_Myocarditis	GCST90018662	ebi-a-GCST90018662	Myocarditis	East Asian / BBJ	primary_parallel	source_original_not_lifted	7	16768200	rs13239334	7:16768200:T:C	7:16768200:T:C	C	T	0.187072717384217	-0.549727983285799	0.180955392151241	0.00238217280796352	177847	102	177745	0.991422320312637	NA	0.103114186851211	0.187120897474295	NA	NA	/home/data1/wenhuai/AHR_myocarditis_gwas/data/raw/outcome/sakaue_2021_BBJ/hum0197.v3.BBJ.Myo.v1.zip	hum0197.v3.BBJ.Myo.v1/GWASsummary_Myocarditis_Japanese_SakaueKanai2020.auto.txt.gz	BETA, SE, p.value and AF are aligned to Allele2	AHR_locus_chr7_16200000_18500000
Sakaue2021_BBJ_Myocarditis	GCST90018662	ebi-a-GCST90018662	Myocarditis	East Asian / BBJ	primary_parallel	source_original_not_lifted	7	18148494	rs547919946	7:18148494:C:T	7:18148494:C:T	T	C	7.11230417582282e-05	81.9833489658898	26.9974324061392	0.00239176146325742	177847	102	177745	0.864532313864271	NA	0.00488273740868897	6.83618689254655e-05	NA	NA	/home/data1/wenhuai/AHR_myocarditis_gwas/data/raw/outcome/sakaue_2021_BBJ/hum0197.v3.BBJ.Myo.v1.zip	hum0197.v3.BBJ.Myo.v1/GWASsummary_Myocarditis_Japanese_SakaueKanai2020.auto.txt.gz	BETA, SE, p.value and AF are aligned to Allele2	AHR_locus_chr7_16200000_18500000
Sakaue2021_BBJ_Myocarditis	GCST90018662	ebi-a-GCST90018662	Myocarditis	East Asian / BBJ	primary_parallel	source_original_not_lifted	7	16768355	rs71540766	7:16768355:C:T	7:16768355:C:T	T	C	0.186996368436116	-0.5497882564972	0.181062450558643	0.00239376639034603	177847	102	177745	0.990510761117357	NA	0.103133410226836	0.187044493681464	NA	NA	/home/data1/wenhuai/AHR_myocarditis_gwas/data/raw/outcome/sakaue_2021_BBJ/hum0197.v3.BBJ.Myo.v1.zip	hum0197.v3.BBJ.Myo.v1/GWASsummary_Myocarditis_Japanese_SakaueKanai2020.auto.txt.gz	BETA, SE, p.value and AF are aligned to Allele2	AHR_locus_chr7_16200000_18500000
Sakaue2021_BBJ_Myocarditis	GCST90018662	ebi-a-GCST90018662	Myocarditis	East Asian / BBJ	primary_parallel	source_original_not_lifted	7	16768349	rs10260978	7:16768349:G:A	7:16768349:G:A	A	G	0.187788853979689	-0.548972409308366	0.181027275640596	0.00242505155663695	177847	102	177745	0.987453739546391	NA	0.1040369088812	0.187836915519534	NA	NA	/home/data1/wenhuai/AHR_myocarditis_gwas/data/raw/outcome/sakaue_2021_BBJ/hum0197.v3.BBJ.Myo.v1.zip	hum0197.v3.BBJ.Myo.v1/GWASsummary_Myocarditis_Japanese_SakaueKanai2020.auto.txt.gz	BETA, SE, p.value and AF are aligned to Allele2	AHR_locus_chr7_16200000_18500000
Sakaue2021_BBJ_Myocarditis	GCST90018662	ebi-a-GCST90018662	Myocarditis	East Asian / BBJ	primary_parallel	source_original_not_lifted	7	16668769	rs185748132	7:16668769:C:T	7:16668769:C:T	T	C	0.00766606282088334	2.98943335083727	0.994144751197463	0.00263804770120381	177847	102	177745	0.908771386234725	NA	0.0287773933102653	0.00765394796136126	NA	NA	/home/data1/wenhuai/AHR_myocarditis_gwas/data/raw/outcome/sakaue_2021_BBJ/hum0197.v3.BBJ.Myo.v1.zip	hum0197.v3.BBJ.Myo.v1/GWASsummary_Myocarditis_Japanese_SakaueKanai2020.auto.txt.gz	BETA, SE, p.value and AF are aligned to Allele2	AHR_locus_chr7_16200000_18500000
Sakaue2021_BBJ_Myocarditis	GCST90018662	ebi-a-GCST90018662	Myocarditis	East Asian / BBJ	primary_parallel	source_original_not_lifted	7	17504193	rs574007	7:17504193:G:A	7:17504193:G:A	A	G	0.83526549643851	0.573516068286314	0.191170319968714	0.00269955922043725	177847	102	177745	0.978307817072788	NA	0.912572087658593	0.83522113360239	NA	NA	/home/data1/wenhuai/AHR_myocarditis_gwas/data/raw/outcome/sakaue_2021_BBJ/hum0197.v3.BBJ.Myo.v1.zip	hum0197.v3.BBJ.Myo.v1/GWASsummary_Myocarditis_Japanese_SakaueKanai2020.auto.txt.gz	BETA, SE, p.value and AF are aligned to Allele2	AHR_locus_chr7_16200000_18500000
Sakaue2021_BBJ_Myocarditis	GCST90018662	ebi-a-GCST90018662	Myocarditis	East Asian / BBJ	primary_parallel	source_original_not_lifted	7	16253034	7:16253034:TTA:T	7:16253034:TTA:T	7:16253034:TTA:T	T	TTA	0.394636566328164	0.428796456996981	0.143167639938822	0.00274385926822232	177847	102	177745	0.996835112447278	NA	0.499673202614379	0.394576290444727	NA	NA	/home/data1/wenhuai/AHR_myocarditis_gwas/data/raw/outcome/sakaue_2021_BBJ/hum0197.v3.BBJ.Myo.v1.zip	hum0197.v3.BBJ.Myo.v1/GWASsummary_Myocarditis_Japanese_SakaueKanai2020.auto.txt.gz	BETA, SE, p.value and AF are aligned to Allele2	AHR_locus_chr7_16200000_18500000
Sakaue2021_BBJ_Myocarditis	GCST90018662	ebi-a-GCST90018662	Myocarditis	East Asian / BBJ	primary_parallel	source_original_not_lifted	7	17483758	rs371556744	7:17483758:C:T	7:17483758:C:T	T	C	0.00202789421220543	7.11943174235062	2.39557508123832	0.00295954148576603	177847	102	177745	0.814617704732872	NA	0.0140907343329489	0.00202097188139651	NA	NA	/home/data1/wenhuai/AHR_myocarditis_gwas/data/raw/outcome/sakaue_2021_BBJ/hum0197.v3.BBJ.Myo.v1.zip	hum0197.v3.BBJ.Myo.v1/GWASsummary_Myocarditis_Japanese_SakaueKanai2020.auto.txt.gz	BETA, SE, p.value and AF are aligned to Allele2	AHR_locus_chr7_16200000_18500000
Sakaue2021_BBJ_Myocarditis	GCST90018662	ebi-a-GCST90018662	Myocarditis	East Asian / BBJ	primary_parallel	source_original_not_lifted	7	17511783	7:17511783:TG:T	7:17511783:TG:T	7:17511783:TG:T	T	TG	0.00211673461996096	7.06413701885198	2.38604423377455	0.00307034385224984	177847	102	177745	0.779655572339734	NA	0.0140907343329489	0.00210986327074643	NA	NA	/home/data1/wenhuai/AHR_myocarditis_gwas/data/raw/outcome/sakaue_2021_BBJ/hum0197.v3.BBJ.Myo.v1.zip	hum0197.v3.BBJ.Myo.v1/GWASsummary_Myocarditis_Japanese_SakaueKanai2020.auto.txt.gz	BETA, SE, p.value and AF are aligned to Allele2	AHR_locus_chr7_16200000_18500000
Sakaue2021_BBJ_Myocarditis	GCST90018662	ebi-a-GCST90018662	Myocarditis	East Asian / BBJ	primary_parallel	source_original_not_lifted	7	16729762	7:16729762:G:A	7:16729762:G:A	7:16729762:G:A	A	G	0.000117880570840028	58.6461167881041	20.0883183811342	0.00350690205723163	177847	102	177745	0.802970082558715	NA	0.00472895040369089	0.000115234481651672	NA	NA	/home/data1/wenhuai/AHR_myocarditis_gwas/data/raw/outcome/sakaue_2021_BBJ/hum0197.v3.BBJ.Myo.v1.zip	hum0197.v3.BBJ.Myo.v1/GWASsummary_Myocarditis_Japanese_SakaueKanai2020.auto.txt.gz	BETA, SE, p.value and AF are aligned to Allele2	AHR_locus_chr7_16200000_18500000
Sakaue2021_BBJ_Myocarditis	GCST90018662	ebi-a-GCST90018662	Myocarditis	East Asian / BBJ	primary_parallel	source_original_not_lifted	7	17560901	7:17560901:A:T	7:17560901:A:T	7:17560901:A:T	T	A	0.000978170595405983	10.1429282210184	3.48356319421097	0.00359521456282377	177847	102	177745	0.874826705475352	NA	0.0107074202229912	0.000972587409038836	NA	NA	/home/data1/wenhuai/AHR_myocarditis_gwas/data/raw/outcome/sakaue_2021_BBJ/hum0197.v3.BBJ.Myo.v1.zip	hum0197.v3.BBJ.Myo.v1/GWASsummary_Myocarditis_Japanese_SakaueKanai2020.auto.txt.gz	BETA, SE, p.value and AF are aligned to Allele2	AHR_locus_chr7_16200000_18500000
Sakaue2021_BBJ_Myocarditis	GCST90018662	ebi-a-GCST90018662	Myocarditis	East Asian / BBJ	primary_parallel	source_original_not_lifted	7	18063347	rs552461901	7:18063347:C:T	7:18063347:C:T	T	C	0.000728903683125753	12.1915822177597	4.19602680478296	0.00366659495272211	177847	102	177745	0.961622639413539	NA	0.00980392156862745	0.000723695931437359	NA	NA	/home/data1/wenhuai/AHR_myocarditis_gwas/data/raw/outcome/sakaue_2021_BBJ/hum0197.v3.BBJ.Myo.v1.zip	hum0197.v3.BBJ.Myo.v1/GWASsummary_Myocarditis_Japanese_SakaueKanai2020.auto.txt.gz	BETA, SE, p.value and AF are aligned to Allele2	AHR_locus_chr7_16200000_18500000
Sakaue2021_BBJ_Myocarditis	GCST90018662	ebi-a-GCST90018662	Myocarditis	East Asian / BBJ	primary_parallel	source_original_not_lifted	7	18094104	rs573056007	7:18094104:T:C	7:18094104:T:C	C	T	0.000734493418386808	12.0788705352166	4.16485575666267	0.00372937235144865	177847	102	177745	0.958727936180175	NA	0.00980392156862745	0.000729288874400924	NA	NA	/home/data1/wenhuai/AHR_myocarditis_gwas/data/raw/outcome/sakaue_2021_BBJ/hum0197.v3.BBJ.Myo.v1.zip	hum0197.v3.BBJ.Myo.v1/GWASsummary_Myocarditis_Japanese_SakaueKanai2020.auto.txt.gz	BETA, SE, p.value and AF are aligned to Allele2	AHR_locus_chr7_16200000_18500000
Sakaue2021_BBJ_Myocarditis	GCST90018662	ebi-a-GCST90018662	Myocarditis	East Asian / BBJ	primary_parallel	source_original_not_lifted	7	18445066	rs551453877	7:18445066:T:C	7:18445066:T:C	C	T	0.000874005272416383	12.0861470055618	4.17023221147666	0.0037531690984342	177847	102	177745	0.827813566309783	NA	0.00980392156862745	0.000868880788130606	NA	NA	/home/data1/wenhuai/AHR_myocarditis_gwas/data/raw/outcome/sakaue_2021_BBJ/hum0197.v3.BBJ.Myo.v1.zip	hum0197.v3.BBJ.Myo.v1/GWASsummary_Myocarditis_Japanese_SakaueKanai2020.auto.txt.gz	BETA, SE, p.value and AF are aligned to Allele2	AHR_locus_chr7_16200000_18500000
Sakaue2021_BBJ_Myocarditis	GCST90018662	ebi-a-GCST90018662	Myocarditis	East Asian / BBJ	primary_parallel	source_original_not_lifted	7	17339095	rs183684394	7:17339095:G:A	7:17339095:G:A	A	G	0.00220395433526912	6.43106507475013	2.22070836526243	0.00378010082879128	177847	102	177745	0.826737416444176	NA	0.0140715109573241	0.00219714406902596	NA	NA	/home/data1/wenhuai/AHR_myocarditis_gwas/data/raw/outcome/sakaue_2021_BBJ/hum0197.v3.BBJ.Myo.v1.zip	hum0197.v3.BBJ.Myo.v1/GWASsummary_Myocarditis_Japanese_SakaueKanai2020.auto.txt.gz	BETA, SE, p.value and AF are aligned to Allele2	AHR_locus_chr7_16200000_18500000
Sakaue2021_BBJ_Myocarditis	GCST90018662	ebi-a-GCST90018662	Myocarditis	East Asian / BBJ	primary_parallel	source_original_not_lifted	7	17911713	7:17911713:T:C	7:17911713:T:C	7:17911713:T:C	C	T	0.000733038102699225	12.0230908335043	4.15326181537606	0.00379333682546381	177847	102	177745	0.972384097734984	NA	0.00978469819300269	0.000727843755015861	NA	NA	/home/data1/wenhuai/AHR_myocarditis_gwas/data/raw/outcome/sakaue_2021_BBJ/hum0197.v3.BBJ.Myo.v1.zip	hum0197.v3.BBJ.Myo.v1/GWASsummary_Myocarditis_Japanese_SakaueKanai2020.auto.txt.gz	BETA, SE, p.value and AF are aligned to Allele2	AHR_locus_chr7_16200000_18500000
Sakaue2021_BBJ_Myocarditis	GCST90018662	ebi-a-GCST90018662	Myocarditis	East Asian / BBJ	primary_parallel	source_original_not_lifted	7	16531174	7:16531174:T:A	7:16531174:T:A	7:16531174:T:A	A	T	0.0102263048971691	2.46572874552803	0.857795045736716	0.00404672421291358	177847	102	177745	0.837575294490222	NA	0.0316416762783545	0.0102140155620604	NA	NA	/home/data1/wenhuai/AHR_myocarditis_gwas/data/raw/outcome/sakaue_2021_BBJ/hum0197.v3.BBJ.Myo.v1.zip	hum0197.v3.BBJ.Myo.v1/GWASsummary_Myocarditis_Japanese_SakaueKanai2020.auto.txt.gz	BETA, SE, p.value and AF are aligned to Allele2	AHR_locus_chr7_16200000_18500000
Sakaue2021_BBJ_Myocarditis	GCST90018662	ebi-a-GCST90018662	Myocarditis	East Asian / BBJ	primary_parallel	source_original_not_lifted	7	17377264	rs534673766	7:17377264:A:G	7:17377264:A:G	G	A	0.00227742572734231	6.20646297894929	2.16419853010936	0.0041335216159939	177847	102	177745	0.825702439439166	NA	0.0140715109573241	0.00227065762308749	NA	NA	/home/data1/wenhuai/AHR_myocarditis_gwas/data/raw/outcome/sakaue_2021_BBJ/hum0197.v3.BBJ.Myo.v1.zip	hum0197.v3.BBJ.Myo.v1/GWASsummary_Myocarditis_Japanese_SakaueKanai2020.auto.txt.gz	BETA, SE, p.value and AF are aligned to Allele2	AHR_locus_chr7_16200000_18500000
Sakaue2021_BBJ_Myocarditis	GCST90018662	ebi-a-GCST90018662	Myocarditis	East Asian / BBJ	primary_parallel	source_original_not_lifted	7	17866856	7:17866856:C:A	7:17866856:C:A	7:17866856:C:A	A	C	0.00099101485887395	10.0132522838529	3.5416525660321	0.00469448951529249	177847	102	177745	0.881736830262326	NA	0.0101691657054979	0.000985747923744029	NA	NA	/home/data1/wenhuai/AHR_myocarditis_gwas/data/raw/outcome/sakaue_2021_BBJ/hum0197.v3.BBJ.Myo.v1.zip	hum0197.v3.BBJ.Myo.v1/GWASsummary_Myocarditis_Japanese_SakaueKanai2020.auto.txt.gz	BETA, SE, p.value and AF are aligned to Allele2	AHR_locus_chr7_16200000_18500000
Sakaue2021_BBJ_Myocarditis	GCST90018662	ebi-a-GCST90018662	Myocarditis	East Asian / BBJ	primary_parallel	source_original_not_lifted	7	16385388	7:16385388:GT:G	7:16385388:GT:G	7:16385388:GT:G	G	GT	0.337930267666725	-0.425644286451544	0.150838201790896	0.00477460171779864	177847	102	177745	0.957820806545012	NA	0.245713187235679	0.337983186973628	NA	NA	/home/data1/wenhuai/AHR_myocarditis_gwas/data/raw/outcome/sakaue_2021_BBJ/hum0197.v3.BBJ.Myo.v1.zip	hum0197.v3.BBJ.Myo.v1/GWASsummary_Myocarditis_Japanese_SakaueKanai2020.auto.txt.gz	BETA, SE, p.value and AF are aligned to Allele2	AHR_locus_chr7_16200000_18500000
Sakaue2021_BBJ_Myocarditis	GCST90018662	ebi-a-GCST90018662	Myocarditis	East Asian / BBJ	primary_parallel	source_original_not_lifted	7	16385256	rs12531973	7:16385256:A:G	7:16385256:A:G	G	A	0.337933939031308	-0.425556254662224	0.150819875659782	0.00477818788641602	177847	102	177745	0.958018902631011	NA	0.245713187235679	0.337986860445042	NA	NA	/home/data1/wenhuai/AHR_myocarditis_gwas/data/raw/outcome/sakaue_2021_BBJ/hum0197.v3.BBJ.Myo.v1.zip	hum0197.v3.BBJ.Myo.v1/GWASsummary_Myocarditis_Japanese_SakaueKanai2020.auto.txt.gz	BETA, SE, p.value and AF are aligned to Allele2	AHR_locus_chr7_16200000_18500000
Sakaue2021_BBJ_Myocarditis	GCST90018662	ebi-a-GCST90018662	Myocarditis	East Asian / BBJ	primary_parallel	source_original_not_lifted	7	16386826	rs56327615	7:16386826:C:G	7:16386826:C:G	G	C	0.33788680664818	-0.425681069047039	0.151002799982392	0.00481693679092707	177847	102	177745	0.955970150390264	NA	0.245866974240677	0.337939612763162	NA	NA	/home/data1/wenhuai/AHR_myocarditis_gwas/data/raw/outcome/sakaue_2021_BBJ/hum0197.v3.BBJ.Myo.v1.zip	hum0197.v3.BBJ.Myo.v1/GWASsummary_Myocarditis_Japanese_SakaueKanai2020.auto.txt.gz	BETA, SE, p.value and AF are aligned to Allele2	AHR_locus_chr7_16200000_18500000
Sakaue2021_BBJ_Myocarditis	GCST90018662	ebi-a-GCST90018662	Myocarditis	East Asian / BBJ	primary_parallel	source_original_not_lifted	7	16386034	rs73304492	7:16386034:C:T	7:16386034:C:T	T	C	0.337767525887249	-0.425190368034731	0.150863697719186	0.00482675064622711	177847	102	177745	0.957641883944412	NA	0.245693963860054	0.33782036283528	NA	NA	/home/data1/wenhuai/AHR_myocarditis_gwas/data/raw/outcome/sakaue_2021_BBJ/hum0197.v3.BBJ.Myo.v1.zip	hum0197.v3.BBJ.Myo.v1/GWASsummary_Myocarditis_Japanese_SakaueKanai2020.auto.txt.gz	BETA, SE, p.value and AF are aligned to Allele2	AHR_locus_chr7_16200000_18500000
Sakaue2021_BBJ_Myocarditis	GCST90018662	ebi-a-GCST90018662	Myocarditis	East Asian / BBJ	primary_parallel	source_original_not_lifted	7	16389089	rs4001474	7:16389089:T:G	7:16389089:T:G	G	T	0.337968513804039	-0.425077581071366	0.151189399748561	0.00493023889242209	177847	102	177745	0.953740057401134	NA	0.246309111880046	0.338021113083901	NA	NA	/home/data1/wenhuai/AHR_myocarditis_gwas/data/raw/outcome/sakaue_2021_BBJ/hum0197.v3.BBJ.Myo.v1.zip	hum0197.v3.BBJ.Myo.v1/GWASsummary_Myocarditis_Japanese_SakaueKanai2020.auto.txt.gz	BETA, SE, p.value and AF are aligned to Allele2	AHR_locus_chr7_16200000_18500000
Sakaue2021_BBJ_Myocarditis	GCST90018662	ebi-a-GCST90018662	Myocarditis	East Asian / BBJ	primary_parallel	source_original_not_lifted	7	16388295	rs12666868	7:16388295:T:C	7:16388295:T:C	C	T	0.337830115487006	-0.424744479917721	0.151091411918623	0.00493608490845492	177847	102	177745	0.954945818079467	NA	0.246136101499423	0.337882734629197	NA	NA	/home/data1/wenhuai/AHR_myocarditis_gwas/data/raw/outcome/sakaue_2021_BBJ/hum0197.v3.BBJ.Myo.v1.zip	hum0197.v3.BBJ.Myo.v1/GWASsummary_Myocarditis_Japanese_SakaueKanai2020.auto.txt.gz	BETA, SE, p.value and AF are aligned to Allele2	AHR_locus_chr7_16200000_18500000
Sakaue2021_BBJ_Myocarditis	GCST90018662	ebi-a-GCST90018662	Myocarditis	East Asian / BBJ	primary_parallel	source_original_not_lifted	7	16388624	rs4615457	7:16388624:A:G	7:16388624:A:G	G	A	0.337840864977891	-0.424578288385503	0.151130433056711	0.00496416396002036	177847	102	177745	0.954482381139527	NA	0.246232218377547	0.337893435131514	NA	NA	/home/data1/wenhuai/AHR_myocarditis_gwas/data/raw/outcome/sakaue_2021_BBJ/hum0197.v3.BBJ.Myo.v1.zip	hum0197.v3.BBJ.Myo.v1/GWASsummary_Myocarditis_Japanese_SakaueKanai2020.auto.txt.gz	BETA, SE, p.value and AF are aligned to Allele2	AHR_locus_chr7_16200000_18500000
Sakaue2021_BBJ_Myocarditis	GCST90018662	ebi-a-GCST90018662	Myocarditis	East Asian / BBJ	primary_parallel	source_original_not_lifted	7	16391588	rs55966090	7:16391588:C:T	7:16391588:C:T	T	C	0.337989362303787	-0.424375701238302	0.151387415609869	0.00505915474829842	177847	102	177745	0.951395245405342	NA	0.246732026143791	0.338041730855891	NA	NA	/home/data1/wenhuai/AHR_myocarditis_gwas/data/raw/outcome/sakaue_2021_BBJ/hum0197.v3.BBJ.Myo.v1.zip	hum0197.v3.BBJ.Myo.v1/GWASsummary_Myocarditis_Japanese_SakaueKanai2020.auto.txt.gz	BETA, SE, p.value and AF are aligned to Allele2	AHR_locus_chr7_16200000_18500000
Sakaue2021_BBJ_Myocarditis	GCST90018662	ebi-a-GCST90018662	Myocarditis	East Asian / BBJ	primary_parallel	source_original_not_lifted	7	16325941	7:16325941:C:CA	7:16325941:C:CA	7:16325941:C:CA	CA	C	0.353034515126849	-0.4103936941287	0.14644071580388	0.00507151000326088	177847	102	177745	0.994300351966797	NA	0.259246443675509	0.35308833595606	NA	NA	/home/data1/wenhuai/AHR_myocarditis_gwas/data/raw/outcome/sakaue_2021_BBJ/hum0197.v3.BBJ.Myo.v1.zip	hum0197.v3.BBJ.Myo.v1/GWASsummary_Myocarditis_Japanese_SakaueKanai2020.auto.txt.gz	BETA, SE, p.value and AF are aligned to Allele2	AHR_locus_chr7_16200000_18500000
Sakaue2021_BBJ_Myocarditis	GCST90018662	ebi-a-GCST90018662	Myocarditis	East Asian / BBJ	primary_parallel	source_original_not_lifted	7	16249935	rs144568692	7:16249935:C:A	7:16249935:C:A	A	C	0.00261830035223788	5.41131682067012	1.93118777767136	0.00507763860108695	177847	102	177745	0.84461967340219	NA	0.0146482122260669	0.00261139691748313	NA	NA	/home/data1/wenhuai/AHR_myocarditis_gwas/data/raw/outcome/sakaue_2021_BBJ/hum0197.v3.BBJ.Myo.v1.zip	hum0197.v3.BBJ.Myo.v1/GWASsummary_Myocarditis_Japanese_SakaueKanai2020.auto.txt.gz	BETA, SE, p.value and AF are aligned to Allele2	AHR_locus_chr7_16200000_18500000
Sakaue2021_BBJ_Myocarditis	GCST90018662	ebi-a-GCST90018662	Myocarditis	East Asian / BBJ	primary_parallel	source_original_not_lifted	7	16319042	rs12531451	7:16319042:A:C	7:16319042:A:C	C	A	0.348241488029421	-0.40908709466291	0.14658769756205	0.00525888675017624	177847	102	177745	0.999310387115218	NA	0.254901960784314	0.348295051458936	NA	NA	/home/data1/wenhuai/AHR_myocarditis_gwas/data/raw/outcome/sakaue_2021_BBJ/hum0197.v3.BBJ.Myo.v1.zip	hum0197.v3.BBJ.Myo.v1/GWASsummary_Myocarditis_Japanese_SakaueKanai2020.auto.txt.gz	BETA, SE, p.value and AF are aligned to Allele2	AHR_locus_chr7_16200000_18500000
Sakaue2021_BBJ_Myocarditis	GCST90018662	ebi-a-GCST90018662	Myocarditis	East Asian / BBJ	primary_parallel	source_original_not_lifted	7	16394509	rs4463323	7:16394509:G:A	7:16394509:G:A	A	G	0.337844359940548	-0.422216617864187	0.151588987930455	0.00534827789662517	177847	102	177745	0.94903434520078	NA	0.247327950788158	0.337896303307393	NA	NA	/home/data1/wenhuai/AHR_myocarditis_gwas/data/raw/outcome/sakaue_2021_BBJ/hum0197.v3.BBJ.Myo.v1.zip	hum0197.v3.BBJ.Myo.v1/GWASsummary_Myocarditis_Japanese_SakaueKanai2020.auto.txt.gz	BETA, SE, p.value and AF are aligned to Allele2	AHR_locus_chr7_16200000_18500000
Sakaue2021_BBJ_Myocarditis	GCST90018662	ebi-a-GCST90018662	Myocarditis	East Asian / BBJ	primary_parallel	source_original_not_lifted	7	16395531	rs10950614	7:16395531:C:G	7:16395531:C:G	G	C	0.33774398725846	-0.422304495373559	0.151641331787245	0.00535458119183115	177847	102	177745	0.948562334186094	NA	0.247270280661284	0.337795906120191	NA	NA	/home/data1/wenhuai/AHR_myocarditis_gwas/data/raw/outcome/sakaue_2021_BBJ/hum0197.v3.BBJ.Myo.v1.zip	hum0197.v3.BBJ.Myo.v1/GWASsummary_Myocarditis_Japanese_SakaueKanai2020.auto.txt.gz	BETA, SE, p.value and AF are aligned to Allele2	AHR_locus_chr7_16200000_18500000
Sakaue2021_BBJ_Myocarditis	GCST90018662	ebi-a-GCST90018662	Myocarditis	East Asian / BBJ	primary_parallel	source_original_not_lifted	7	16395072	7:16395072:G:A	7:16395072:G:A	7:16395072:G:A	A	G	0.337705057563767	-0.422173379490537	0.151628651692835	0.00536502383913817	177847	102	177745	0.948705998212612	NA	0.247251057285659	0.337756965116914	NA	NA	/home/data1/wenhuai/AHR_myocarditis_gwas/data/raw/outcome/sakaue_2021_BBJ/hum0197.v3.BBJ.Myo.v1.zip	hum0197.v3.BBJ.Myo.v1/GWASsummary_Myocarditis_Japanese_SakaueKanai2020.auto.txt.gz	BETA, SE, p.value and AF are aligned to Allele2	AHR_locus_chr7_16200000_18500000
Sakaue2021_BBJ_Myocarditis	GCST90018662	ebi-a-GCST90018662	Myocarditis	East Asian / BBJ	primary_parallel	source_original_not_lifted	7	16395343	rs10950613	7:16395343:G:A	7:16395343:G:A	A	G	0.337693448113612	-0.422061320068607	0.151632723287926	0.00537850084066722	177847	102	177745	0.948659773818288	NA	0.247270280661284	0.337745337973159	NA	NA	/home/data1/wenhuai/AHR_myocarditis_gwas/data/raw/outcome/sakaue_2021_BBJ/hum0197.v3.BBJ.Myo.v1.zip	hum0197.v3.BBJ.Myo.v1/GWASsummary_Myocarditis_Japanese_SakaueKanai2020.auto.txt.gz	BETA, SE, p.value and AF are aligned to Allele2	AHR_locus_chr7_16200000_18500000
Sakaue2021_BBJ_Myocarditis	GCST90018662	ebi-a-GCST90018662	Myocarditis	East Asian / BBJ	primary_parallel	source_original_not_lifted	7	16331139	rs78208790	7:16331139:A:G	7:16331139:A:G	G	A	0.35152961947798	-0.409082313408852	0.146988536163653	0.00538438809744266	177847	102	177745	0.988592769603476	NA	0.258823529411765	0.351582819405857	NA	NA	/home/data1/wenhuai/AHR_myocarditis_gwas/data/raw/outcome/sakaue_2021_BBJ/hum0197.v3.BBJ.Myo.v1.zip	hum0197.v3.BBJ.Myo.v1/GWASsummary_Myocarditis_Japanese_SakaueKanai2020.auto.txt.gz	BETA, SE, p.value and AF are aligned to Allele2	AHR_locus_chr7_16200000_18500000
Sakaue2021_BBJ_Myocarditis	GCST90018662	ebi-a-GCST90018662	Myocarditis	East Asian / BBJ	primary_parallel	source_original_not_lifted	7	18165617	7:18165617:G:A	7:18165617:G:A	7:18165617:G:A	A	G	0.00159276584619548	9.32921705930635	3.35369410618887	0.00540627728834687	177847	102	177745	0.82580228879578	NA	0.0101114955786236	0.00158787732370509	NA	NA	/home/data1/wenhuai/AHR_myocarditis_gwas/data/raw/outcome/sakaue_2021_BBJ/hum0197.v3.BBJ.Myo.v1.zip	hum0197.v3.BBJ.Myo.v1/GWASsummary_Myocarditis_Japanese_SakaueKanai2020.auto.txt.gz	BETA, SE, p.value and AF are aligned to Allele2	AHR_locus_chr7_16200000_18500000
Sakaue2021_BBJ_Myocarditis	GCST90018662	ebi-a-GCST90018662	Myocarditis	East Asian / BBJ	primary_parallel	source_original_not_lifted	7	16397327	rs61227640	7:16397327:T:C	7:16397327:T:C	C	T	0.337783280782078	-0.421818409865797	0.151725568930001	0.00543353723117133	177847	102	177745	0.947540112422349	NA	0.247520184544406	0.337835078783827	NA	NA	/home/data1/wenhuai/AHR_myocarditis_gwas/data/raw/outcome/sakaue_2021_BBJ/hum0197.v3.BBJ.Myo.v1.zip	hum0197.v3.BBJ.Myo.v1/GWASsummary_Myocarditis_Japanese_SakaueKanai2020.auto.txt.gz	BETA, SE, p.value and AF are aligned to Allele2	AHR_locus_chr7_16200000_18500000
Sakaue2021_BBJ_Myocarditis	GCST90018662	ebi-a-GCST90018662	Myocarditis	East Asian / BBJ	primary_parallel	source_original_not_lifted	7	16830522	rs113506138	7:16830522:C:G	7:16830522:C:G	G	C	0.745013741156942	-0.463707907022009	0.166936122173667	0.00547356110150392	177847	102	177745	0.927981000747722	NA	0.663763936947328	0.745060366828663	NA	NA	/home/data1/wenhuai/AHR_myocarditis_gwas/data/raw/outcome/sakaue_2021_BBJ/hum0197.v3.BBJ.Myo.v1.zip	hum0197.v3.BBJ.Myo.v1/GWASsummary_Myocarditis_Japanese_SakaueKanai2020.auto.txt.gz	BETA, SE, p.value and AF are aligned to Allele2	AHR_locus_chr7_16200000_18500000
Sakaue2021_BBJ_Myocarditis	GCST90018662	ebi-a-GCST90018662	Myocarditis	East Asian / BBJ	primary_parallel	source_original_not_lifted	7	16395978	rs73306417	7:16395978:T:C	7:16395978:T:C	C	T	0.337681761487627	-0.421034411715742	0.151624137693954	0.00548919282856243	177847	102	177745	0.948703282804187	NA	0.247481737793156	0.337733523294828	NA	NA	/home/data1/wenhuai/AHR_myocarditis_gwas/data/raw/outcome/sakaue_2021_BBJ/hum0197.v3.BBJ.Myo.v1.zip	hum0197.v3.BBJ.Myo.v1/GWASsummary_Myocarditis_Japanese_SakaueKanai2020.auto.txt.gz	BETA, SE, p.value and AF are aligned to Allele2	AHR_locus_chr7_16200000_18500000
Sakaue2021_BBJ_Myocarditis	GCST90018662	ebi-a-GCST90018662	Myocarditis	East Asian / BBJ	primary_parallel	source_original_not_lifted	7	17538290	rs549179506	7:17538290:G:A	7:17538290:G:A	A	G	0.000970871966704499	9.85828875084499	3.55475246455826	0.00554960362568414	177847	102	177745	0.797686022624691	NA	0.00995770857362553	0.00096571481837552	NA	NA	/home/data1/wenhuai/AHR_myocarditis_gwas/data/raw/outcome/sakaue_2021_BBJ/hum0197.v3.BBJ.Myo.v1.zip	hum0197.v3.BBJ.Myo.v1/GWASsummary_Myocarditis_Japanese_SakaueKanai2020.auto.txt.gz	BETA, SE, p.value and AF are aligned to Allele2	AHR_locus_chr7_16200000_18500000
Sakaue2021_BBJ_Myocarditis	GCST90018662	ebi-a-GCST90018662	Myocarditis	East Asian / BBJ	primary_parallel	source_original_not_lifted	7	16398598	rs1921839	7:16398598:T:A	7:16398598:T:A	A	T	0.337711573409027	-0.420940433949827	0.151793937423926	0.00555243064648937	177847	102	177745	0.94675717380733	NA	0.247731641676278	0.337763208915173	NA	NA	/home/data1/wenhuai/AHR_myocarditis_gwas/data/raw/outcome/sakaue_2021_BBJ/hum0197.v3.BBJ.Myo.v1.zip	hum0197.v3.BBJ.Myo.v1/GWASsummary_Myocarditis_Japanese_SakaueKanai2020.auto.txt.gz	BETA, SE, p.value and AF are aligned to Allele2	AHR_locus_chr7_16200000_18500000
Sakaue2021_BBJ_Myocarditis	GCST90018662	ebi-a-GCST90018662	Myocarditis	East Asian / BBJ	primary_parallel	source_original_not_lifted	7	16399822	rs10950616	7:16399822:T:C	7:16399822:T:C	C	T	0.337878493708555	-0.420480129290424	0.15182919068386	0.00561546808949434	177847	102	177745	0.946392452169441	NA	0.248039215686275	0.337930048499751	NA	NA	/home/data1/wenhuai/AHR_myocarditis_gwas/data/raw/outcome/sakaue_2021_BBJ/hum0197.v3.BBJ.Myo.v1.zip	hum0197.v3.BBJ.Myo.v1/GWASsummary_Myocarditis_Japanese_SakaueKanai2020.auto.txt.gz	BETA, SE, p.value and AF are aligned to Allele2	AHR_locus_chr7_16200000_18500000
